model,resolution,experiments_pass,experiments_total,selected
ACCESS-CM2,180x31,4,4,True
ACCESS-ESM1-5,180x31,4,4,True
AWI-CM-1-1-MR,180x31,4,4,True
BCC-CSM2-MR,180x31,4,4,True
CAMS-CSM1-0,180x31,4,4,True
CAS-ESM2-0,180x31,4,4,True
CESM2,180x31,4,4,True
CESM2-WACCM,180x31,4,4,True
CMCC-CM2-SR5,180x31,4,4,True
CMCC-ESM2,180x31,4,4,True
CNRM-CM6-1,180x31,4,4,True
CNRM-CM6-1-HR,180x31,4,4,True
CNRM-ESM2-1,180x31,4,4,True
CanESM5,180x31,4,4,True
CanESM5-1,180x31,4,4,True
CanESM5-CanOE,180x31,4,4,True
EC-Earth3,180x31,4,4,True
EC-Earth3-Veg,180x31,4,4,True
EC-Earth3-Veg-LR,180x31,4,4,True
FGOALS-f3-L,180x31,4,4,True
FGOALS-g3,180x31,4,4,True
GFDL-ESM4,180x31,4,4,True
GISS-E2-1-G,180x31,4,4,True
GISS-E2-1-H,180x31,4,4,True
GISS-E2-2-G,180x31,4,4,True
IITM-ESM,180x31,4,4,True
INM-CM4-8,180x31,4,4,True
INM-CM5-0,180x31,4,4,True
IPSL-CM6A-LR,180x31,4,4,True
KACE-1-0-G,180x31,4,4,True
MCM-UA-1-0,180x31,4,4,True
MIROC-ES2L,180x31,4,4,True
MIROC6,180x31,4,4,True
MPI-ESM1-2-HR,180x31,4,4,True
MPI-ESM1-2-LR,180x31,4,4,True
MRI-ESM2-0,180x31,4,4,True
NorESM2-LM,180x31,4,4,True
NorESM2-MM,180x31,4,4,True
TaiESM1,180x31,4,4,True
UKESM1-0-LL,180x31,4,4,True
