file,model,experiment,min_sst,max_sst,n_months,ok_range,ok_length,status,detail
tos_ACCESS-CM2_historical.nc,ACCESS-CM2,historical,10.093,34.9888,1980,True,True,PASS,
tos_ACCESS-CM2_ssp245.nc,ACCESS-CM2,ssp245,12.0584,37.0602,1032,True,True,PASS,
tos_ACCESS-CM2_ssp370.nc,ACCESS-CM2,ssp370,11.7294,37.9651,1032,True,True,PASS,
tos_ACCESS-CM2_ssp585.nc,ACCESS-CM2,ssp585,11.6842,39.1302,1032,True,True,PASS,
tos_ACCESS-ESM1-5_historical.nc,ACCESS-ESM1-5,historical,9.9341,33.3189,1980,True,True,PASS,
tos_ACCESS-ESM1-5_ssp245.nc,ACCESS-ESM1-5,ssp245,11.7669,35.9134,1032,True,True,PASS,
tos_ACCESS-ESM1-5_ssp370.nc,ACCESS-ESM1-5,ssp370,12.3868,36.6817,1032,True,True,PASS,
tos_ACCESS-ESM1-5_ssp585.nc,ACCESS-ESM1-5,ssp585,11.7774,37.2018,1032,True,True,PASS,
tos_AWI-CM-1-1-MR_historical.nc,AWI-CM-1-1-MR,historical,7.54818,35.4319,1980,True,True,PASS,
tos_AWI-CM-1-1-MR_ssp245.nc,AWI-CM-1-1-MR,ssp245,9.73661,37.1584,1032,True,True,PASS,
tos_AWI-CM-1-1-MR_ssp370.nc,AWI-CM-1-1-MR,ssp370,8.75345,38.1446,1032,True,True,PASS,
tos_AWI-CM-1-1-MR_ssp585.nc,AWI-CM-1-1-MR,ssp585,10.2036,38.9667,1032,True,True,PASS,
tos_BCC-CSM2-MR_historical.nc,BCC-CSM2-MR,historical,9.50308,32.9106,1980,True,True,PASS,
tos_BCC-CSM2-MR_ssp245.nc,BCC-CSM2-MR,ssp245,11.2807,34.3887,1032,True,True,PASS,
tos_BCC-CSM2-MR_ssp370.nc,BCC-CSM2-MR,ssp370,11.4799,36.4043,1032,True,True,PASS,
tos_BCC-CSM2-MR_ssp585.nc,BCC-CSM2-MR,ssp585,11.4159,36.3271,1032,True,True,PASS,
tos_CAMS-CSM1-0_historical.nc,CAMS-CSM1-0,historical,10.7385,32.6913,1980,True,True,PASS,
tos_CAMS-CSM1-0_ssp245.nc,CAMS-CSM1-0,ssp245,11.8107,33.8446,1020,True,True,PASS,
tos_CAMS-CSM1-0_ssp370.nc,CAMS-CSM1-0,ssp370,12.5566,34.3262,1020,True,True,PASS,
tos_CAMS-CSM1-0_ssp585.nc,CAMS-CSM1-0,ssp585,11.8412,35.1531,1020,True,True,PASS,
tos_CAS-ESM2-0_historical.nc,CAS-ESM2-0,historical,5.91963,36.7692,1980,True,True,PASS,
tos_CAS-ESM2-0_ssp245.nc,CAS-ESM2-0,ssp245,7.8081,38.9167,1032,True,True,PASS,
tos_CAS-ESM2-0_ssp370.nc,CAS-ESM2-0,ssp370,5.395,39.111,1032,True,True,PASS,
tos_CAS-ESM2-0_ssp585.nc,CAS-ESM2-0,ssp585,8.06724,40.0872,1032,True,True,PASS,
tos_CESM2-WACCM_historical.nc,CESM2-WACCM,historical,13.38,33.4235,1980,True,True,PASS,
tos_CESM2-WACCM_ssp245.nc,CESM2-WACCM,ssp245,14.4811,35.2204,1032,True,True,PASS,
tos_CESM2-WACCM_ssp370.nc,CESM2-WACCM,ssp370,14.3178,36.6078,1032,True,True,PASS,
tos_CESM2-WACCM_ssp585.nc,CESM2-WACCM,ssp585,14.399,38.1767,1032,True,True,PASS,
tos_CESM2_historical.nc,CESM2,historical,13.4877,33.4238,1980,True,True,PASS,
tos_CESM2_ssp245.nc,CESM2,ssp245,14.3838,35.1461,1032,True,True,PASS,
tos_CESM2_ssp370.nc,CESM2,ssp370,14.0422,36.4837,1032,True,True,PASS,
tos_CESM2_ssp585.nc,CESM2,ssp585,14.3674,37.6055,1032,True,True,PASS,
tos_CMCC-CM2-SR5_historical.nc,CMCC-CM2-SR5,historical,10.266,35.6836,1980,True,True,PASS,
tos_CMCC-CM2-SR5_ssp245.nc,CMCC-CM2-SR5,ssp245,11.5923,37.4493,1032,True,True,PASS,
tos_CMCC-CM2-SR5_ssp370.nc,CMCC-CM2-SR5,ssp370,11.2498,38.2637,1032,True,True,PASS,
tos_CMCC-CM2-SR5_ssp585.nc,CMCC-CM2-SR5,ssp585,12.101,39.3742,1032,True,True,PASS,
tos_CMCC-ESM2_historical.nc,CMCC-ESM2,historical,10.3608,33.4154,1980,True,True,PASS,
tos_CMCC-ESM2_ssp245.nc,CMCC-ESM2,ssp245,11.8227,35.8821,1032,True,True,PASS,
tos_CMCC-ESM2_ssp370.nc,CMCC-ESM2,ssp370,10.3643,36.9201,1032,True,True,PASS,
tos_CMCC-ESM2_ssp585.nc,CMCC-ESM2,ssp585,11.6184,37.7186,1032,True,True,PASS,
tos_CNRM-CM6-1-HR_historical.nc,CNRM-CM6-1-HR,historical,4.15634,32.8603,1980,True,True,PASS,
tos_CNRM-CM6-1-HR_ssp245.nc,CNRM-CM6-1-HR,ssp245,7.10214,35.4902,1032,True,True,PASS,
tos_CNRM-CM6-1-HR_ssp370.nc,CNRM-CM6-1-HR,ssp370,7.25093,36.5115,1032,True,True,PASS,
tos_CNRM-CM6-1-HR_ssp585.nc,CNRM-CM6-1-HR,ssp585,6.61999,37.1222,1032,True,True,PASS,
tos_CNRM-CM6-1_historical.nc,CNRM-CM6-1,historical,6.15618,33.6487,1980,True,True,PASS,
tos_CNRM-CM6-1_ssp245.nc,CNRM-CM6-1,ssp245,9.40147,35.9512,1032,True,True,PASS,
tos_CNRM-CM6-1_ssp370.nc,CNRM-CM6-1,ssp370,9.09215,36.8918,1032,True,True,PASS,
tos_CNRM-CM6-1_ssp585.nc,CNRM-CM6-1,ssp585,7.95378,38.008,1032,True,True,PASS,
tos_CNRM-ESM2-1_historical.nc,CNRM-ESM2-1,historical,7.74833,34.04,1980,True,True,PASS,
tos_CNRM-ESM2-1_ssp245.nc,CNRM-ESM2-1,ssp245,9.56772,36.1158,1032,True,True,PASS,
tos_CNRM-ESM2-1_ssp370.nc,CNRM-ESM2-1,ssp370,10.2493,37.4169,1032,True,True,PASS,
tos_CNRM-ESM2-1_ssp585.nc,CNRM-ESM2-1,ssp585,11.6081,38.0842,1032,True,True,PASS,
tos_CanESM5-1_historical.nc,CanESM5-1,historical,7.23209,33.3421,1980,True,True,PASS,
tos_CanESM5-1_ssp245.nc,CanESM5-1,ssp245,9.39318,35.5149,1032,True,True,PASS,
tos_CanESM5-1_ssp370.nc,CanESM5-1,ssp370,10.4954,37.363,1032,True,True,PASS,
tos_CanESM5-1_ssp585.nc,CanESM5-1,ssp585,9.86127,38.6179,1032,True,True,PASS,
tos_CanESM5-CanOE_historical.nc,CanESM5-CanOE,historical,6.20743,33.28,1980,True,True,PASS,
tos_CanESM5-CanOE_ssp245.nc,CanESM5-CanOE,ssp245,9.88729,36.0015,1032,True,True,PASS,
tos_CanESM5-CanOE_ssp370.nc,CanESM5-CanOE,ssp370,9.79807,37.5752,1032,True,True,PASS,
tos_CanESM5-CanOE_ssp585.nc,CanESM5-CanOE,ssp585,11.2672,38.6963,1032,True,True,PASS,
tos_CanESM5_historical.nc,CanESM5,historical,6.33987,34.0336,1980,True,True,PASS,
tos_CanESM5_ssp245.nc,CanESM5,ssp245,10.4134,35.6723,1032,True,True,PASS,
tos_CanESM5_ssp370.nc,CanESM5,ssp370,9.17329,37.3466,1032,True,True,PASS,
tos_CanESM5_ssp585.nc,CanESM5,ssp585,8.85486,38.7306,1032,True,True,PASS,
tos_EC-Earth3-Veg-LR_historical.nc,EC-Earth3-Veg-LR,historical,11.9053,33.6883,1980,True,True,PASS,
tos_EC-Earth3-Veg-LR_ssp245.nc,EC-Earth3-Veg-LR,ssp245,13.967,35.5651,1032,True,True,PASS,
tos_EC-Earth3-Veg-LR_ssp370.nc,EC-Earth3-Veg-LR,ssp370,13.4809,36.6016,1032,True,True,PASS,
tos_EC-Earth3-Veg-LR_ssp585.nc,EC-Earth3-Veg-LR,ssp585,12.0922,38.1115,1032,True,True,PASS,
tos_EC-Earth3-Veg_historical.nc,EC-Earth3-Veg,historical,12.8946,34.8998,1980,True,True,PASS,
tos_EC-Earth3-Veg_ssp245.nc,EC-Earth3-Veg,ssp245,13.9203,36.594,1032,True,True,PASS,
tos_EC-Earth3-Veg_ssp370.nc,EC-Earth3-Veg,ssp370,13.9445,38.1379,1032,True,True,PASS,
tos_EC-Earth3-Veg_ssp585.nc,EC-Earth3-Veg,ssp585,13.5639,39.1742,1032,True,True,PASS,
tos_EC-Earth3_historical.nc,EC-Earth3,historical,12.7727,34.3938,1980,True,True,PASS,
tos_EC-Earth3_ssp245.nc,EC-Earth3,ssp245,13.4279,36.5353,1032,True,True,PASS,
tos_EC-Earth3_ssp370.nc,EC-Earth3,ssp370,13.6865,38.229,1032,True,True,PASS,
tos_EC-Earth3_ssp585.nc,EC-Earth3,ssp585,13.6995,39.1208,1032,True,True,PASS,
tos_FGOALS-f3-L_historical.nc,FGOALS-f3-L,historical,11.2342,32.4771,1980,True,True,PASS,
tos_FGOALS-f3-L_ssp245.nc,FGOALS-f3-L,ssp245,12.0706,33.7728,1032,True,True,PASS,
tos_FGOALS-f3-L_ssp370.nc,FGOALS-f3-L,ssp370,12.7526,35.0162,1032,True,True,PASS,
tos_FGOALS-f3-L_ssp585.nc,FGOALS-f3-L,ssp585,12.243,35.4261,1032,True,True,PASS,
tos_FGOALS-g3_historical.nc,FGOALS-g3,historical,11.2222,33.2004,1980,True,True,PASS,
tos_FGOALS-g3_ssp245.nc,FGOALS-g3,ssp245,11.7022,34.4563,1032,True,True,PASS,
tos_FGOALS-g3_ssp370.nc,FGOALS-g3,ssp370,12.1799,35.1235,1032,True,True,PASS,
tos_FGOALS-g3_ssp585.nc,FGOALS-g3,ssp585,12.2088,35.291,1032,True,True,PASS,
tos_GFDL-ESM4_historical.nc,GFDL-ESM4,historical,9.40045,34.8809,1980,True,True,PASS,
tos_GFDL-ESM4_ssp245.nc,GFDL-ESM4,ssp245,10.4071,35.8518,1032,True,True,PASS,
tos_GFDL-ESM4_ssp370.nc,GFDL-ESM4,ssp370,9.43777,36.6371,1032,True,True,PASS,
tos_GFDL-ESM4_ssp585.nc,GFDL-ESM4,ssp585,9.52554,37.6145,1032,True,True,PASS,
tos_GISS-E2-1-G_historical.nc,GISS-E2-1-G,historical,12.1714,35.5881,1980,True,True,PASS,
tos_GISS-E2-1-G_ssp245.nc,GISS-E2-1-G,ssp245,13.9068,37.4552,1032,True,True,PASS,
tos_GISS-E2-1-G_ssp370.nc,GISS-E2-1-G,ssp370,13.8466,38.4395,1032,True,True,PASS,
tos_GISS-E2-1-G_ssp585.nc,GISS-E2-1-G,ssp585,13.4609,39.4381,1032,True,True,PASS,
tos_GISS-E2-1-H_historical.nc,GISS-E2-1-H,historical,10.6649,35.7564,1980,True,True,PASS,
tos_GISS-E2-1-H_ssp245.nc,GISS-E2-1-H,ssp245,12.6525,38.4591,1032,True,True,PASS,
tos_GISS-E2-1-H_ssp370.nc,GISS-E2-1-H,ssp370,12.7147,39.172,1032,True,True,PASS,
tos_GISS-E2-1-H_ssp585.nc,GISS-E2-1-H,ssp585,12.9454,38.9627,1032,True,True,PASS,
tos_GISS-E2-2-G_historical.nc,GISS-E2-2-G,historical,9.89549,32.3706,1980,True,True,PASS,
tos_GISS-E2-2-G_ssp245.nc,GISS-E2-2-G,ssp245,11.0854,34.671,1032,True,True,PASS,
tos_GISS-E2-2-G_ssp370.nc,GISS-E2-2-G,ssp370,11.8609,35.7458,1032,True,True,PASS,
tos_GISS-E2-2-G_ssp585.nc,GISS-E2-2-G,ssp585,10.411,35.7439,1032,True,True,PASS,
tos_IITM-ESM_historical.nc,IITM-ESM,historical,9.508,33.5561,1380,True,True,PASS,
tos_IITM-ESM_ssp245.nc,IITM-ESM,ssp245,9.798,34.8301,1020,True,True,PASS,
tos_IITM-ESM_ssp370.nc,IITM-ESM,ssp370,9.45746,35.5668,1008,True,True,PASS,
tos_IITM-ESM_ssp585.nc,IITM-ESM,ssp585,10.2203,36.344,1020,True,True,PASS,
tos_INM-CM4-8_historical.nc,INM-CM4-8,historical,11.4445,37.6508,1980,True,True,PASS,
tos_INM-CM4-8_ssp245.nc,INM-CM4-8,ssp245,12.7066,38.7603,1032,True,True,PASS,
tos_INM-CM4-8_ssp370.nc,INM-CM4-8,ssp370,12.6474,38.9274,1032,True,True,PASS,
tos_INM-CM4-8_ssp585.nc,INM-CM4-8,ssp585,12.5851,38.9553,1032,True,True,PASS,
tos_INM-CM5-0_historical.nc,INM-CM5-0,historical,9.43596,36.56,1980,True,True,PASS,
tos_INM-CM5-0_ssp245.nc,INM-CM5-0,ssp245,10.3894,38.2139,1032,True,True,PASS,
tos_INM-CM5-0_ssp370.nc,INM-CM5-0,ssp370,10.5854,38.837,1032,True,True,PASS,
tos_INM-CM5-0_ssp585.nc,INM-CM5-0,ssp585,11.1528,38.9161,1032,True,True,PASS,
tos_IPSL-CM6A-LR_historical.nc,IPSL-CM6A-LR,historical,5.0929,34.6034,1980,True,True,PASS,
tos_IPSL-CM6A-LR_ssp245.nc,IPSL-CM6A-LR,ssp245,8.61683,36.792,1032,True,True,PASS,
tos_IPSL-CM6A-LR_ssp370.nc,IPSL-CM6A-LR,ssp370,9.55059,38.0764,1032,True,True,PASS,
tos_IPSL-CM6A-LR_ssp585.nc,IPSL-CM6A-LR,ssp585,7.45471,38.9585,1032,True,True,PASS,
tos_KACE-1-0-G_historical.nc,KACE-1-0-G,historical,9.4332,35.383,1980,True,True,PASS,
tos_KACE-1-0-G_ssp245.nc,KACE-1-0-G,ssp245,11.476,37.8388,1032,True,True,PASS,
tos_KACE-1-0-G_ssp370.nc,KACE-1-0-G,ssp370,12.2004,38.5514,1032,True,True,PASS,
tos_KACE-1-0-G_ssp585.nc,KACE-1-0-G,ssp585,12.1275,39.8064,1032,True,True,PASS,
tos_MCM-UA-1-0_historical.nc,MCM-UA-1-0,historical,11.0197,36.0121,1980,True,True,PASS,
tos_MCM-UA-1-0_ssp245.nc,MCM-UA-1-0,ssp245,12.015,37.4489,1032,True,True,PASS,
tos_MCM-UA-1-0_ssp370.nc,MCM-UA-1-0,ssp370,12.3839,37.4802,1032,True,True,PASS,
tos_MCM-UA-1-0_ssp585.nc,MCM-UA-1-0,ssp585,13.1368,38.1378,1032,True,True,PASS,
tos_MIROC-ES2L_historical.nc,MIROC-ES2L,historical,8.82874,33.3001,1980,True,True,PASS,
tos_MIROC-ES2L_ssp245.nc,MIROC-ES2L,ssp245,10.4012,34.6721,1032,True,True,PASS,
tos_MIROC-ES2L_ssp370.nc,MIROC-ES2L,ssp370,10.3544,35.3406,1032,True,True,PASS,
tos_MIROC-ES2L_ssp585.nc,MIROC-ES2L,ssp585,10.2664,36.5463,1032,True,True,PASS,
tos_MIROC6_historical.nc,MIROC6,historical,11.7065,34.3123,1980,True,True,PASS,
tos_MIROC6_ssp245.nc,MIROC6,ssp245,12.8861,36.9003,1032,True,True,PASS,
tos_MIROC6_ssp370.nc,MIROC6,ssp370,13.0886,37.1896,1032,True,True,PASS,
tos_MIROC6_ssp585.nc,MIROC6,ssp585,13.7341,38.2081,1032,True,True,PASS,
tos_MPI-ESM1-2-HR_historical.nc,MPI-ESM1-2-HR,historical,8.47727,34.6309,1980,True,True,PASS,
tos_MPI-ESM1-2-HR_ssp245.nc,MPI-ESM1-2-HR,ssp245,9.5087,36.2423,1032,True,True,PASS,
tos_MPI-ESM1-2-HR_ssp370.nc,MPI-ESM1-2-HR,ssp370,10.1195,37.2554,1032,True,True,PASS,
tos_MPI-ESM1-2-HR_ssp585.nc,MPI-ESM1-2-HR,ssp585,11.0359,38.3003,1032,True,True,PASS,
tos_MPI-ESM1-2-LR_historical.nc,MPI-ESM1-2-LR,historical,8.09338,32.8411,1980,True,True,PASS,
tos_MPI-ESM1-2-LR_ssp245.nc,MPI-ESM1-2-LR,ssp245,10.1471,34.073,1032,True,True,PASS,
tos_MPI-ESM1-2-LR_ssp370.nc,MPI-ESM1-2-LR,ssp370,9.48821,35.1284,1032,True,True,PASS,
tos_MPI-ESM1-2-LR_ssp585.nc,MPI-ESM1-2-LR,ssp585,10.0017,35.7746,1032,True,True,PASS,
tos_MRI-ESM2-0_historical.nc,MRI-ESM2-0,historical,8.26214,33.5744,1980,True,True,PASS,
tos_MRI-ESM2-0_ssp245.nc,MRI-ESM2-0,ssp245,9.02518,34.5704,1032,True,True,PASS,
tos_MRI-ESM2-0_ssp370.nc,MRI-ESM2-0,ssp370,8.972,35.4034,1032,True,True,PASS,
tos_MRI-ESM2-0_ssp585.nc,MRI-ESM2-0,ssp585,8.94941,35.9545,1032,True,True,PASS,
tos_NorESM2-LM_historical.nc,NorESM2-LM,historical,10.9969,34.4044,1980,True,True,PASS,
tos_NorESM2-LM_ssp245.nc,NorESM2-LM,ssp245,11.5173,36.138,1032,True,True,PASS,
tos_NorESM2-LM_ssp370.nc,NorESM2-LM,ssp370,12.3277,37.3382,1032,True,True,PASS,
tos_NorESM2-LM_ssp585.nc,NorESM2-LM,ssp585,11.6691,38.0148,1032,True,True,PASS,
tos_NorESM2-MM_historical.nc,NorESM2-MM,historical,11.0724,33.1551,1980,True,True,PASS,
tos_NorESM2-MM_ssp245.nc,NorESM2-MM,ssp245,13.0425,35.6062,1032,True,True,PASS,
tos_NorESM2-MM_ssp370.nc,NorESM2-MM,ssp370,11.8702,36.0498,1032,True,True,PASS,
tos_NorESM2-MM_ssp585.nc,NorESM2-MM,ssp585,12.854,36.7899,1032,True,True,PASS,
tos_TaiESM1_historical.nc,TaiESM1,historical,12.1743,33.7462,1980,True,True,PASS,
tos_TaiESM1_ssp245.nc,TaiESM1,ssp245,14.4627,37.175,1032,True,True,PASS,
tos_TaiESM1_ssp370.nc,TaiESM1,ssp370,13.6032,37.0266,1032,True,True,PASS,
tos_TaiESM1_ssp585.nc,TaiESM1,ssp585,13.6144,38.6756,1032,True,True,PASS,
tos_UKESM1-0-LL_historical.nc,UKESM1-0-LL,historical,7.45365,36.6264,1980,True,True,PASS,
tos_UKESM1-0-LL_ssp245.nc,UKESM1-0-LL,ssp245,10.4194,38.9343,1032,True,True,PASS,
tos_UKESM1-0-LL_ssp370.nc,UKESM1-0-LL,ssp370,8.43338,40.347,1032,True,True,PASS,
tos_UKESM1-0-LL_ssp585.nc,UKESM1-0-LL,ssp585,9.37331,41.1643,1032,True,True,PASS,
