prioridad,model,tiene_tos,tiene_hist,cual_historical,tiene_ssp245,tiene_ssp370,tiene_ssp585,experimentos_encontrados
0,ACCESS-CM2,1,1,historical,1,1,1,1pctCO2|abrupt-4xCO2|faf-all|faf-heat|faf-heat-NA0pct|faf-heat-NA50pct|faf-passiveheat|faf-stress|faf-water|hist-GHG|hist-aer|hist-nat|historical|piControl|ssp126|ssp245|ssp370|ssp534-over|ssp585
0,ACCESS-ESM1-5,1,1,historical,1,1,1,1pctCO2|1pctCO2-bgc|1pctCO2-cdr|1pctCO2-rad|abrupt-4xCO2|esm-1pct-brch-1000PgC|esm-1pct-brch-2000PgC|esm-1pct-brch-750PgC|esm-hist|esm-pi-CO2pulse|esm-pi-cdr-pulse|esm-piControl|esm-ssp585|esm-ssp585-ssp126Lu|hist-GHG|hist-aer|hist-bgc|hist-nat|hist-noLu|historical|lig127k|midHolocene|past1000|piControl|ssp126|ssp126-ssp370Lu|ssp245|ssp245-cov-fossil|ssp245-cov-modgreen|ssp245-cov-strgreen|ssp245-covid|ssp370|ssp370-ssp126Lu|ssp534-over|ssp585|ssp585-bgc
0,AWI-CM-1-1-MR,1,1,historical,1,1,1,1pctCO2|abrupt-4xCO2|historical|piControl|ssp126|ssp245|ssp370|ssp585
0,BCC-CSM2-MR,1,1,historical,1,1,1,1pctCO2|1pctCO2-bgc|1pctCO2-rad|abrupt-4xCO2|dcppA-hindcast|deforest-globe|esm-hist|esm-piControl|esm-ssp585|esm-ssp585-ssp126Lu|hist-GHG|hist-aer|hist-nat|hist-noLu|hist-resAMO|hist-resIPO|historical|piControl|ssp126|ssp126-ssp370Lu|ssp245|ssp370|ssp370-ssp126Lu|ssp585
0,CAMS-CSM1-0,1,1,historical,1,1,1,1pctCO2|abrupt-4xCO2|historical|piControl|ssp119|ssp126|ssp245|ssp370|ssp585
0,CAS-ESM2-0,1,1,historical,1,1,1,1pctCO2|abrupt-4xCO2|historical|omip1|piControl|ssp126|ssp245|ssp370|ssp585
0,CESM2,1,1,historical,1,1,1,1pctCO2|1pctCO2-4xext|1pctCO2-bgc|1pctCO2-cdr|1pctCO2-rad|1pctCO2to4x-withism|abrupt-0p5xCO2|abrupt-2xCO2|abrupt-4xCO2|abrupt-solm4p|abrupt-solp4p|deforest-globe|esm-1pct-brch-1000PgC|esm-piControl|esm-ssp585|esm-ssp585-ssp126Lu|faf-all|faf-heat|faf-passiveheat|faf-stress|faf-water|hist-GHG|hist-aer|hist-nat|hist-noLu|historical|historical-withism|lig127k|midHolocene|midPliocene-eoi400|omip1|omip2|piControl|piControl-withism|ssp126|ssp126-ssp370Lu|ssp245|ssp245-GHG|ssp245-aer|ssp245-nat|ssp370|ssp370-lowNTCF|ssp370-ssp126Lu|ssp585|ssp585-withism
0,CESM2-WACCM,1,1,historical,1,1,1,1pctCO2|G1|G6solar|G6sulfur|abrupt-4xCO2|hist-1950HC|hist-piNTCF|historical|piControl|ssp126|ssp245|ssp370|ssp370-lowNTCF|ssp534-over|ssp585
0,CMCC-CM2-SR5,1,1,historical,1,1,1,1pctCO2|abrupt-4xCO2|dcppA-hindcast|dcppB-forecast|dcppC-hindcast-noAgung|dcppC-hindcast-noElChichon|dcppC-hindcast-noPinatubo|hist-GHG|hist-aer|hist-volc|historical|omip1|omip2|piControl|ssp126|ssp245|ssp370|ssp585
0,CMCC-ESM2,1,1,historical,1,1,1,1pctCO2|1pctCO2-bgc|1pctCO2-rad|abrupt-4xCO2|deforest-globe|hist-noLu|historical|omip1|piControl|ssp126|ssp126-ssp370Lu|ssp245|ssp370|ssp370-ssp126Lu|ssp534-over|ssp585
0,CNRM-CM6-1,1,1,historical,1,1,1,1pctCO2|abrupt-0p5xCO2|abrupt-2xCO2|abrupt-4xCO2|control-1950|dcppC-amv-ExTrop-neg|dcppC-amv-ExTrop-pos|dcppC-amv-Trop-neg|dcppC-amv-Trop-pos|dcppC-amv-neg|dcppC-amv-pos|dcppC-atl-control|dcppC-ipv-NexTrop-neg|dcppC-ipv-NexTrop-pos|dcppC-pac-control|hist-1950|hist-GHG|hist-aer|hist-nat|historical|lig127k|omip1|omip2|pa-futArcSIC-ext|pa-pdSIC-ext|piControl|spinup-1950|ssp126|ssp245|ssp370|ssp585
0,CNRM-CM6-1-HR,1,1,historical,1,1,1,1pctCO2|control-1950|highres-future|hist-1950|historical|omip2|piControl|ssp126|ssp245|ssp370|ssp585
0,CNRM-ESM2-1,1,1,historical,1,1,1,1pctCO2|1pctCO2-bgc|1pctCO2-cdr|1pctCO2-rad|G1|G6sulfur|abrupt-4xCO2|deforest-globe|esm-hist|esm-piControl|esm-piControl-spinup|esm-ssp534-over|esm-ssp585|hist-1950HC|hist-bgc|hist-noLu|hist-piNTCF|historical|omip1|piControl|piControl-spinup|ssp119|ssp126|ssp245|ssp370|ssp370-lowNTCF|ssp434|ssp460|ssp534-over|ssp534-over-bgc|ssp585|ssp585-bgc
0,CanESM5,1,1,historical,1,1,1,1pctCO2|1pctCO2-bgc|1pctCO2-cdr|1pctCO2-rad|G1|abrupt-0p5xCO2|abrupt-2xCO2|abrupt-4xCO2|abrupt-solm4p|abrupt-solp4p|dcppA-assim|dcppA-hindcast|dcppB-forecast|dcppC-atl-spg|dcppC-forecast-addAgung|dcppC-forecast-addElChichon|dcppC-forecast-addPinatubo|dcppC-hindcast-noAgung|dcppC-hindcast-noElChichon|dcppC-hindcast-noPinatubo|deforest-globe|esm-1pct-brch-1000PgC|esm-1pct-brch-2000PgC|esm-hist|esm-pi-CO2pulse|esm-pi-cdr-pulse|esm-piControl|esm-ssp585|esm-ssp585-ssp126Lu|faf-all|faf-antwater-stress|faf-heat|faf-heat-NA0pct|faf-heat-NA50pct|faf-passiveheat|faf-stress|faf-water|hist-CO2|hist-GHG|hist-GHG-cmip5|hist-aer|hist-aer-cmip5|hist-bgc|hist-nat|hist-nat-cmip5|hist-noLu|hist-sol|hist-stratO3|hist-totalO3|hist-volc|historical|historical-cmip5|omip1|piControl|piControl-cmip5|rcp26-cmip5|rcp45-cmip5|rcp85-cmip5|ssp119|ssp126|ssp126-ssp370Lu|ssp245|ssp245-GHG|ssp245-aer|ssp245-nat|ssp245-stratO3|ssp370|ssp370-ssp126Lu|ssp434|ssp460|ssp534-over|ssp534-over-bgc|ssp585|ssp585-bgc|volc-long-eq|volc-pinatubo-full
0,CanESM5-1,1,1,historical,1,1,1,1pctCO2|abrupt-4xCO2|historical|piControl|ssp119|ssp126|ssp245|ssp370|ssp460|ssp585
0,CanESM5-CanOE,1,1,historical,1,1,1,1pctCO2|1pctCO2-bgc|1pctCO2-rad|esm-hist|esm-pi-CO2pulse|esm-pi-cdr-pulse|esm-piControl|esm-ssp585|historical|omip1|piControl|ssp126|ssp245|ssp370|ssp585
0,EC-Earth3,1,1,historical,1,1,1,1pctCO2|abrupt-4xCO2|dcppA-hindcast|dcppB-forecast|dcppC-amv-neg|dcppC-amv-pos|dcppC-hindcast-noAgung|dcppC-hindcast-noElChichon|dcppC-hindcast-noPinatubo|historical|omip1|omip2|pa-futArcSIC-ext|pa-pdSIC-ext|pdSST-futArcSIC|pdSST-pdSIC|piControl|ssp119|ssp126|ssp245|ssp245-cov-fossil|ssp245-cov-modgreen|ssp245-cov-strgreen|ssp245-covid|ssp370|ssp434|ssp460|ssp534-over|ssp585
0,EC-Earth3-Veg,1,1,historical,1,1,1,1pctCO2|abrupt-4xCO2|historical|piControl|ssp119|ssp126|ssp245|ssp370|ssp434|ssp460|ssp534-over|ssp585
0,EC-Earth3-Veg-LR,1,1,historical,1,1,1,1pctCO2|abrupt-4xCO2|historical|piControl|ssp119|ssp126|ssp245|ssp370|ssp585
0,FGOALS-f3-L,1,1,historical,1,1,1,1pctCO2|abrupt-4xCO2|dcppA-hindcast|dcppB-forecast|hist-resIPO|historical|lig127k|midHolocene|omip1|omip2|piControl|ssp126|ssp245|ssp370|ssp585
0,FGOALS-g3,1,1,historical,1,1,1,1pctCO2|hist-GHG|hist-aer|hist-nat|historical|lig127k|midHolocene|piControl|ssp119|ssp126|ssp245|ssp370|ssp434|ssp460|ssp534-over|ssp585
0,GFDL-ESM4,1,1,historical,1,1,1,1pctCO2|1pctCO2-bgc|1pctCO2-cdr|1pctCO2-rad|abrupt-4xCO2|esm-hist|esm-piControl|esm-ssp585|hist-GHG|hist-aer|hist-nat|historical|piControl|ssp119|ssp126|ssp245|ssp370|ssp585
0,GISS-E2-1-G,1,1,historical,1,1,1,1pctCO2|1pctCO2-4xext|1pctCO2-bgc|1pctCO2-rad|abrupt-0p5xCO2|abrupt-2xCO2|abrupt-4xCO2|amip|amip-4xCO2|amip-p4K|amip-piForcing|deforest-globe|hist-1950HC|hist-GHG|hist-aer|hist-bgc|hist-nat|hist-piAer|hist-piNTCF|hist-sol|hist-stratO3|hist-totalO3|hist-volc|histSST|histSST-1950HC|histSST-noLu|histSST-piAer|histSST-piCH4|histSST-piN2O|histSST-piNTCF|histSST-piO3|historical|land-hist|lig127k|midHolocene|midPliocene-eoi400|piClim-2xDMS|piClim-2xNOx|piClim-2xVOC|piClim-2xdust|piClim-2xfire|piClim-2xss|piClim-4xCO2|piClim-BC|piClim-CH4|piClim-HC|piClim-N2O|piClim-NH3|piClim-NOx|piClim-NTCF|piClim-O3|piClim-OC|piClim-SO2|piClim-VOC|piClim-aer|piClim-anthro|piClim-control|piClim-ghg|piClim-histaer|piClim-histall|piClim-histghg|piClim-histnat|piClim-lu|piControl|ssp119|ssp126|ssp245|ssp245-GHG|ssp245-aer|ssp245-covid|ssp245-nat|ssp245-stratO3|ssp370|ssp370-lowNTCF|ssp370-lowNTCFCH4|ssp370SST|ssp370SST-lowAer|ssp370SST-lowBC|ssp370SST-lowCH4|ssp370SST-lowNTCF|ssp370SST-lowNTCFCH4|ssp370SST-lowO3|ssp370pdSST|ssp434|ssp460|ssp534-over|ssp585|volc-pinatubo-full
0,GISS-E2-1-H,1,1,historical,1,1,1,1pctCO2|abrupt-2xCO2|abrupt-4xCO2|historical|piControl|ssp119|ssp126|ssp245|ssp370|ssp370-lowNTCF|ssp434|ssp460|ssp534-over|ssp585
0,GISS-E2-2-G,1,1,historical,1,1,1,1pctCO2|abrupt-2xCO2|abrupt-4xCO2|amip|hist-sol|historical|piControl|ssp126|ssp245|ssp370|ssp534-over|ssp585
0,IITM-ESM,1,1,historical,1,1,1,1pctCO2|historical|piControl|ssp126|ssp245|ssp370|ssp585
0,INM-CM4-8,1,1,historical,1,1,1,1pctCO2|abrupt-4xCO2|historical|lgm|midHolocene|piControl|ssp126|ssp245|ssp370|ssp585
0,INM-CM5-0,1,1,historical,1,1,1,1pctCO2|abrupt-4xCO2|historical|piControl|ssp126|ssp245|ssp370|ssp585
0,IPSL-CM6A-LR,1,1,historical,1,1,1,1pctCO2|1pctCO2-bgc|1pctCO2-rad|G1|G6solar|G6sulfur|G7cirrus|abrupt-4xCO2|abrupt-solm4p|abrupt-solp4p|dcppA-hindcast|dcppC-amv-ExTrop-neg|dcppC-amv-ExTrop-pos|dcppC-amv-Trop-neg|dcppC-amv-Trop-pos|dcppC-amv-neg|dcppC-amv-pos|dcppC-atl-control|dcppC-atl-pacemaker|dcppC-ipv-NexTrop-neg|dcppC-ipv-NexTrop-pos|dcppC-ipv-neg|dcppC-ipv-pos|dcppC-pac-control|dcppC-pac-pacemaker|deforest-globe|hist-GHG|hist-aer|hist-nat|hist-noLu|hist-piAer|hist-spAer-all|hist-stratO3|historical|lig127k|midHolocene|midPliocene-eoi400|omip1|pa-futArcSIC|pa-futArcSIC-ext|pa-pdSIC|pa-pdSIC-ext|pa-piArcSIC|piControl|piControl-spinup|ssp119|ssp126|ssp245|ssp245-GHG|ssp245-nat|ssp370|ssp434|ssp460|ssp534-over|ssp585
0,KACE-1-0-G,1,1,historical,1,1,1,1pctCO2|abrupt-4xCO2|historical|ssp126|ssp245|ssp370|ssp585
0,MCM-UA-1-0,1,1,historical,1,1,1,1pctCO2|abrupt-4xCO2|historical|piControl|ssp126|ssp245|ssp370|ssp585
0,MIROC-ES2H,1,1,historical,1,1,1,G1|abrupt-4xCO2|historical|piControl|ssp119|ssp126|ssp245|ssp370|ssp585
0,MIROC-ES2L,1,1,historical,1,1,1,1pctCO2|1pctCO2-bgc|1pctCO2-cdr|1pctCO2-rad|1pctCO2Ndep|1pctCO2Ndep-bgc|abrupt-4xCO2|deforest-globe|esm-1pct-brch-1000PgC|esm-1pct-brch-2000PgC|esm-1pct-brch-750PgC|esm-1pctCO2|esm-hist|esm-pi-CO2pulse|esm-pi-cdr-pulse|esm-piControl|esm-ssp534-over|esm-ssp585|esm-ssp585-ssp126Lu|hist-bgc|hist-noLu|historical|lgm|lig127k|midHolocene|omip1|omip1-spunup|past1000|piControl|ssp119|ssp126|ssp126-ssp370Lu|ssp245|ssp245-cov-fossil|ssp245-cov-modgreen|ssp245-cov-strgreen|ssp245-covid|ssp370|ssp370-ssp126Lu|ssp534-over|ssp534-over-bgc|ssp585|ssp585-bgc|volc-long-eq|volc-pinatubo-full|volc-pinatubo-strat|volc-pinatubo-surf
0,MIROC6,1,1,historical,1,1,1,1pctCO2|abrupt-0p5xCO2|abrupt-2xCO2|abrupt-4xCO2|amip-lfmip-pdLC|amip-lfmip-rmLC|dcppA-assim|dcppA-hindcast|faf-all|faf-heat|faf-heat-NA0pct|faf-heat-NA50pct|faf-passiveheat|faf-stress|faf-water|hist-CO2|hist-GHG|hist-aer|hist-nat|hist-sol|hist-stratO3|hist-totalO3|hist-volc|historical|omip1|omip2|piControl|ssp119|ssp126|ssp245|ssp245-GHG|ssp245-aer|ssp245-nat|ssp245-stratO3|ssp370|ssp434|ssp460|ssp534-over|ssp585
0,MPI-ESM1-2-HR,1,1,historical,1,1,1,1pctCO2|G6solar|G6sulfur|abrupt-4xCO2|control-1950|dcppA-hindcast|faf-all|faf-heat|faf-heat-NA50pct|faf-passiveheat|faf-stress|faf-water|highres-future|hist-1950|historical|piControl|ssp126|ssp245|ssp370|ssp585
0,MPI-ESM1-2-LR,1,1,historical,1,1,1,1pctCO2|1pctCO2-bgc|1pctCO2-rad|1pctCO2Ndep|1pctCO2Ndep-bgc|G6solar|G6sulfur|abrupt-4xCO2|deforest-globe|esm-1pct-brch-1000PgC|esm-1pctCO2|esm-hist|esm-piControl|esm-ssp534-over|esm-ssp585|esm-ssp585-ssp126Lu|faf-all|faf-heat|faf-heat-NA50pct|faf-passiveheat|faf-stress|faf-water|hist-noLu|historical|lgm|midHolocene|past2k|piControl|ssp119|ssp126|ssp126-ssp370Lu|ssp245|ssp245-cov-fossil|ssp245-cov-modgreen|ssp245-cov-strgreen|ssp245-covid|ssp370|ssp370-ssp126Lu|ssp585|volc-long-eq|volc-pinatubo-full
0,MRI-ESM2-0,1,1,historical,1,1,1,1pctCO2|1pctCO2-bgc|1pctCO2-rad|abrupt-0p5xCO2|abrupt-2xCO2|abrupt-4xCO2|abrupt-solm4p|abrupt-solp4p|dcppA-assim|dcppA-hindcast|esm-hist|esm-piControl|esm-ssp585|faf-all|faf-heat|faf-heat-NA0pct|faf-heat-NA50pct|faf-passiveheat|faf-stress|faf-water|hist-1950HC|hist-GHG|hist-aer|hist-bgc|hist-nat|hist-piAer|hist-piNTCF|hist-resAMO|hist-resIPO|hist-sol|hist-stratO3|hist-volc|historical|midHolocene|omip1|omip1-spunup|omip2|past1000|piControl|ssp119|ssp126|ssp245|ssp245-cov-fossil|ssp245-cov-modgreen|ssp245-cov-strgreen|ssp245-covid|ssp370|ssp370-lowNTCF|ssp370-lowNTCFCH4|ssp434|ssp460|ssp534-over|ssp585|ssp585-bgc
0,NorESM2-LM,1,1,historical,1,1,1,1pctCO2|1pctCO2-bgc|1pctCO2-cdr|1pctCO2-rad|abrupt-4xCO2|deforest-globe|esm-1pct-brch-1000PgC|esm-hist|esm-pi-CO2pulse|esm-pi-cdr-pulse|esm-piControl|esm-ssp534-over|esm-ssp585|esm-ssp585-ocn-alk|esm-ssp585-ssp126Lu|hist-GHG|hist-aer|hist-nat|hist-noLu|hist-piAer|hist-piNTCF|hist-spAer-all|historical|lig127k|midHolocene|omip1|omip1-spunup|omip2|pa-futArcSIC|pa-futArcSIC-ext|pa-pdSIC|pa-pdSIC-ext|piControl|ssp126|ssp126-ssp370Lu|ssp245|ssp245-GHG|ssp245-aer|ssp245-covid|ssp245-nat|ssp370|ssp370-lowNTCF|ssp370-ssp126Lu|ssp534-over|ssp534-over-bgc|ssp585|ssp585-bgc
0,NorESM2-MM,1,1,historical,1,1,1,1pctCO2|abrupt-4xCO2|historical|piControl|ssp126|ssp245|ssp370|ssp585
0,TaiESM1,1,1,historical,1,1,1,hist-piNTCF|historical|ssp126|ssp245|ssp370|ssp585
0,UKESM1-0-LL,1,1,historical,1,1,1,1pctCO2|1pctCO2-bgc|1pctCO2-cdr|1pctCO2-rad|1pctCO2Ndep|1pctCO2Ndep-bgc|G1|abrupt-4xCO2|deforest-globe|esm-1pct-brch-1000PgC|esm-1pct-brch-2000PgC|esm-1pct-brch-750PgC|esm-hist|esm-pi-cdr-pulse|esm-piControl|esm-ssp534-over|esm-ssp585|esm-ssp585-ocn-alk|esm-ssp585-ocn-alk-stop|esm-ssp585-ssp126Lu|esm-ssp585ext|hist-1950HC|hist-bgc|hist-noLu|hist-piAer|hist-piNTCF|historical|piControl|ssp119|ssp126|ssp126-ssp370Lu|ssp245|ssp370|ssp370-lowNTCFCH4|ssp370-ssp126Lu|ssp434|ssp534-over|ssp534-over-bgc|ssp585|ssp585-bgc|volc-pinatubo-full
2,ACCESS-OM2,1,0,,0,0,0,omip2|omip2-spunup
2,ACCESS-OM2-025,1,0,,0,0,0,omip2
2,CESM1-1-CAM5-CMIP5,1,0,,0,0,0,dcppA-hindcast|dcppC-hindcast-noAgung|dcppC-hindcast-noElChichon|dcppC-hindcast-noPinatubo
2,EC-Earth3-LR,1,0,,0,0,0,lig127k|midHolocene|midPliocene-eoi400|piControl
2,GFDL-ESM2M,1,0,,0,0,0,faf-all|faf-heat|faf-heat-NA0pct|faf-heat-NA50pct|faf-passiveheat|faf-stress|faf-water
2,HadGEM3-GC31-MH,1,0,,0,0,0,spinup-1950
2,IPSL-CM6A-MR1,1,0,,0,0,0,1pctCO2|abrupt-4xCO2|piControl
2,NICAM16-7S,1,0,,0,0,0,highresSST-future|highresSST-present
2,NICAM16-8S,1,0,,0,0,0,highresSST-future|highresSST-present
2,NICAM16-9S,1,0,,0,0,0,highresSST-future|highresSST-present
2,NorESM1-F,1,0,,0,0,0,lig127k|midHolocene|midPliocene-eoi400|piControl
2,TaiESM1-TIMCOM,1,0,,0,0,0,omip1|omip2
2,TaiESM1-TIMCOM2,1,0,,0,0,0,omip1|omip2
2,UKESM1-ice-LL,1,0,,0,0,0,1pctCO2to4x-withism|historical-withism|piControl-withism|ssp585-withism
3,AWI-CM-1-1-HR,1,1,hist-1950,0,0,0,control-1950|hist-1950|spinup-1950
3,AWI-CM-1-1-LR,1,1,hist-1950,0,0,0,control-1950|hist-1950|spinup-1950
3,AWI-ESM-1-1-LR,1,1,historical,0,0,0,1pctCO2|historical|lgm|lig127k|piControl
3,BCC-CSM2-HR,1,1,hist-1950,0,0,0,control-1950|hist-1950
3,BCC-ESM1,1,1,historical,0,1,0,1pctCO2|abrupt-4xCO2|hist-piAer|hist-piNTCF|historical|piControl|ssp370|ssp370-lowNTCF
3,CESM1-CAM5-SE-HR,1,1,hist-1950,0,0,0,control-1950|highres-future|hist-1950
3,CESM1-CAM5-SE-LR,1,1,hist-1950,0,0,0,control-1950|highres-future|hist-1950
3,CESM2-FV2,1,1,historical,0,1,1,1pctCO2|abrupt-4xCO2|historical|lgm|piControl|ssp370|ssp585
3,CESM2-WACCM-FV2,1,1,historical,0,0,0,1pctCO2|abrupt-4xCO2|historical|lgm|piControl
3,CMCC-CM2-HR4,1,1,historical,0,0,0,1pctCO2|abrupt-4xCO2|historical|omip2
3,CMCC-CM2-VHR4,1,1,hist-1950,0,0,0,control-1950|highres-future|hist-1950
3,E3SM-1-0,1,1,historical,0,1,1,1pctCO2|abrupt-4xCO2|hist-GHG|historical|piControl|ssp370|ssp585
3,E3SM-1-1,1,1,historical,0,0,1,hist-bgc|historical|piControl|ssp585|ssp585-bgc
3,E3SM-1-1-ECA,1,1,historical,0,0,1,hist-bgc|historical|piControl|ssp585|ssp585-bgc
3,E3SM-2-0,1,1,historical,0,1,0,1pctCO2|abrupt-4xCO2|hist-GHG|hist-aer|hist-nat|historical|piControl|ssp370
3,E3SM-2-0-NARRM,1,1,historical,0,0,0,1pctCO2|abrupt-4xCO2|historical|piControl
3,E3SM-2-1,1,1,historical,0,0,0,1pctCO2|abrupt-4xCO2|historical|piControl
3,EC-Earth3-AerChem,1,1,historical,0,1,0,1pctCO2|abrupt-4xCO2|hist-piAer|hist-piNTCF|historical|piControl|ssp370|ssp370-lowNTCF|ssp370-lowNTCFCH4
3,EC-Earth3P,1,1,hist-1950,0,0,0,control-1950|highres-future|highresSST-future|highresSST-present|hist-1950|spinup-1950
3,EC-Earth3P-HR,1,1,hist-1950,0,0,0,control-1950|highres-future|highresSST-future|highresSST-present|hist-1950
3,ECMWF-IFS-HR,1,1,hist-1950,0,0,0,control-1950|hist-1950
3,ECMWF-IFS-LR,1,1,hist-1950,0,0,0,control-1950|hist-1950
3,ECMWF-IFS-MR,1,1,hist-1950,0,0,0,control-1950|hist-1950|spinup-1950
3,FGOALS-f3-H,1,1,hist-1950,0,0,0,control-1950|highres-future|highresSST-future|hist-1950|omip2
3,GISS-E2-2-H,1,1,historical,0,0,0,1pctCO2|abrupt-2xCO2|abrupt-4xCO2|historical|piControl
3,GISS-E3-G,1,1,historical,0,0,0,1pctCO2|abrupt-4xCO2|amip|historical|piControl
3,HadGEM3-GC31-HH,1,1,hist-1950,0,0,0,control-1950|highres-future|hist-1950
3,HadGEM3-GC31-HM,1,1,hist-1950,0,0,0,control-1950|highres-future|hist-1950
3,HadGEM3-GC31-MM,1,1,historical,0,0,1,1pctCO2|abrupt-4xCO2|control-1950|dcppA-assim|dcppA-hindcast|dcppB-forecast|dcppC-amv-ExTrop-neg|dcppC-amv-ExTrop-pos|dcppC-amv-Trop-neg|dcppC-amv-Trop-pos|dcppC-amv-neg|dcppC-amv-pos|dcppC-atl-control|dcppC-forecast-addAgung|dcppC-forecast-addElChichon|dcppC-forecast-addPinatubo|dcppC-hindcast-noAgung|dcppC-hindcast-noElChichon|dcppC-hindcast-noPinatubo|dcppC-ipv-NexTrop-neg|dcppC-ipv-NexTrop-pos|dcppC-ipv-neg|dcppC-ipv-pos|dcppC-pac-control|highres-future|hist-1950|historical|pa-futAntSIC|pa-futArcSIC|pa-pdSIC|pa-piAntSIC|pa-piArcSIC|piControl|spinup-1950|ssp126|ssp585
3,ICON-ESM-LR,1,1,historical,0,0,0,1pctCO2|abrupt-4xCO2|historical|piControl
3,INM-CM5-H,1,1,hist-1950,0,0,0,control-1950|hist-1950
3,IPSL-CM5A2-INCA,1,1,historical,0,1,0,1pctCO2|abrupt-4xCO2|historical|piControl|ssp126|ssp370|ssp370-lowNTCF|ssp370-lowNTCFCH4|ssp370-ssp126Lu
3,IPSL-CM6A-LR-INCA,1,1,historical,0,0,0,abrupt-4xCO2|historical
3,MPI-ESM-1-2-HAM,1,1,historical,0,1,0,1pctCO2|abrupt-4xCO2|hist-piAer|historical|piControl|ssp370|ssp370-lowNTCF
3,MPI-ESM1-2-XR,1,1,hist-1950,0,0,0,control-1950|highres-future|hist-1950
3,NorCPM1,1,1,historical,0,0,0,1pctCO2|abrupt-4xCO2|dcppA-assim|dcppA-hindcast|historical|historical-ext|piControl
3,SAM0-UNICON,1,1,historical,0,0,0,1pctCO2|abrupt-4xCO2|historical|piControl
3,UKESM1-1-LL,1,1,historical,0,1,0,1pctCO2|abrupt-4xCO2|historical|piControl|ssp126|ssp370
4,CIESM,1,1,historical,1,0,1,1pctCO2|abrupt-4xCO2|historical|piControl|ssp126|ssp245|ssp585
4,EC-Earth3-CC,1,1,historical,1,0,1,1pctCO2|1pctCO2-bgc|1pctCO2-rad|abrupt-4xCO2|dcppA-hindcast|dcppB-forecast|esm-hist|esm-piControl|esm-ssp585|historical|piControl|ssp245|ssp585
4,EC-Earth3-HR,1,1,historical,1,0,0,dcppA-hindcast|historical|ssp245
4,FIO-ESM-2-0,1,1,historical,1,0,1,1pctCO2|abrupt-4xCO2|hist-resAMO|hist-resIPO|historical|omip1|piControl|ssp126|ssp245|ssp585
4,GFDL-CM4,1,1,historical,1,0,1,1pctCO2|abrupt-4xCO2|hist-nat|historical|omip1|omip2|piControl|ssp245|ssp585
4,GISS-E2-1-G-CC,1,1,historical,1,0,1,esm-1pct-brch-1000PgC|esm-1pctCO2|esm-hist|esm-piControl|esm-sp585|esm-sp585-bgc|esm-ssp585|historical|piControl|ssp126|ssp245|ssp460|ssp585|ssp585-bgc
4,HadGEM3-GC31-LL,1,1,historical,1,0,1,1pctCO2|abrupt-0p5xCO2|abrupt-2xCO2|abrupt-4xCO2|abrupt-solp4p|control-1950|faf-all|faf-heat|faf-heat-NA0pct|faf-heat-NA50pct|faf-passiveheat|faf-stress|faf-water|highres-future|hist-1950|hist-GHG|hist-aer|hist-nat|historical|lig127k|midHolocene|midPliocene-eoi400|piControl|spinup-1950|ssp126|ssp245|ssp245-GHG|ssp585
4,KIOST-ESM,1,1,historical,1,0,1,1pctCO2|abrupt-4xCO2|historical|piControl|ssp126|ssp245|ssp585
4,NESM3,1,1,historical,1,0,1,1pctCO2|abrupt-4xCO2|historical|lig127k|midHolocene|piControl|ssp126|ssp245|ssp585
