numero_modelo,model,institution,country,member_id,resolution_km,tiene_hist,tiene_ssp245,tiene_ssp370,tiene_ssp585
M001,ACCESS-CM2,CSIRO-ARCCSS,Australia,r1i1p1f1,250.0,1,1,1,1
M002,ACCESS-ESM1-5,CSIRO,Australia,r1i1p1f1,250.0,1,1,1,1
M003,ACCESS-OM2,,,,,0,0,0,0
M004,ACCESS-OM2-025,,,,,0,0,0,0
M005,AWI-CM-1-1-HR,,,,,1,0,0,0
M006,AWI-CM-1-1-LR,,,,,1,0,0,0
M007,AWI-CM-1-1-MR,AWI,Germany,r1i1p1f1,25.0,1,1,1,1
M008,AWI-ESM-1-1-LR,,,,,1,0,0,0
M009,BCC-CSM2-HR,,,,,1,0,0,0
M010,BCC-CSM2-MR,BCC,China,r1i1p1f1,100.0,1,1,1,1
M011,BCC-ESM1,,,,,1,0,1,0
M012,CAMS-CSM1-0,CAMS,China,r1i1p1f1,100.0,1,1,1,1
M013,CAS-ESM2-0,CAS,China,r1i1p1f1,100.0,1,1,1,1
M014,CESM1-1-CAM5-CMIP5,,,,,0,0,0,0
M015,CESM1-CAM5-SE-HR,,,,,1,0,0,0
M016,CESM1-CAM5-SE-LR,,,,,1,0,0,0
M017,CESM2,NCAR,USA,r1i1p1f1,111.0,1,1,1,1
M018,CESM2-FV2,,,,,1,0,1,1
M019,CESM2-WACCM,NCAR,USA,r1i1p1f1,111.0,1,1,1,1
M020,CESM2-WACCM-FV2,,,,,1,0,0,0
M021,CIESM,,,,,1,1,0,1
M022,CMCC-CM2-HR4,,,,,1,0,0,0
M023,CMCC-CM2-SR5,CMCC,Italy,r1i1p1f1,100.0,1,1,1,1
M024,CMCC-CM2-VHR4,,,,,1,0,0,0
M025,CMCC-ESM2,CMCC,Italy,r1i1p1f1,100.0,1,1,1,1
M026,CNRM-CM6-1,CNRM-CERFACS,France,r1i1p1f2,100.0,1,1,1,1
M027,CNRM-CM6-1-HR,CNRM-CERFACS,France,r1i1p1f2,25.0,1,1,1,1
M028,CNRM-ESM2-1,CNRM-CERFACS,France,r1i1p1f2,100.0,1,1,1,1
M029,CanESM5,CCCma,Canada,r1i1p1f1,100.0,1,1,1,1
M030,CanESM5-1,CCCma,Canada,r1i1p1f1,100.0,1,1,1,1
M031,CanESM5-CanOE,CCCma,Canada,r1i1p2f1,100.0,1,1,1,1
M032,E3SM-1-0,,,,,1,0,1,1
M033,E3SM-1-1,,,,,1,0,0,1
M034,E3SM-1-1-ECA,,,,,1,0,0,1
M035,E3SM-2-0,,,,,1,0,1,0
M036,E3SM-2-0-NARRM,,,,,1,0,0,0
M037,E3SM-2-1,,,,,1,0,0,0
M038,EC-Earth3,EC-Earth-Consortium,Sweden,r1i1p1f1,100.0,1,1,1,1
M039,EC-Earth3-AerChem,,,,,1,0,1,0
M040,EC-Earth3-CC,,,,,1,1,0,1
M041,EC-Earth3-HR,,,,,1,1,0,0
M042,EC-Earth3-LR,,,,,0,0,0,0
M043,EC-Earth3-Veg,EC-Earth-Consortium,Sweden,r1i1p1f1,100.0,1,1,1,1
M044,EC-Earth3-Veg-LR,EC-Earth-Consortium,Sweden,r1i1p1f1,100.0,1,1,1,1
M045,EC-Earth3P,,,,,1,0,0,0
M046,EC-Earth3P-HR,,,,,1,0,0,0
M047,ECMWF-IFS-HR,,,,,1,0,0,0
M048,ECMWF-IFS-LR,,,,,1,0,0,0
M049,ECMWF-IFS-MR,,,,,1,0,0,0
M050,FGOALS-f3-H,,,,,1,0,0,0
M051,FGOALS-f3-L,CAS,China,r1i1p1f1,100.0,1,1,1,1
M052,FGOALS-g3,CAS,China,r1i1p1f1,100.0,1,1,1,1
M053,FIO-ESM-2-0,,,,,1,1,0,1
M054,GFDL-CM4,,,,,1,1,0,1
M055,GFDL-ESM2M,,,,,0,0,0,0
M056,GFDL-ESM4,NOAA-GFDL,USA,r1i1p1f1,111.0,1,1,1,1
M057,GISS-E2-1-G,NASA-GISS,USA,r1i1p3f1,250.0,1,1,1,1
M058,GISS-E2-1-G-CC,,,,,1,1,0,1
M059,GISS-E2-1-H,NASA-GISS,USA,r1i1p3f1,250.0,1,1,1,1
M060,GISS-E2-2-G,NASA-GISS,USA,r1i1p3f1,250.0,1,1,1,1
M061,GISS-E2-2-H,,,,,1,0,0,0
M062,GISS-E3-G,,,,,1,0,0,0
M063,HadGEM3-GC31-HH,,,,,1,0,0,0
M064,HadGEM3-GC31-HM,,,,,1,0,0,0
M065,HadGEM3-GC31-LL,,,,,1,1,0,1
M066,HadGEM3-GC31-MH,,,,,0,0,0,0
M067,HadGEM3-GC31-MM,,,,,1,0,0,1
M068,ICON-ESM-LR,,,,,1,0,0,0
M069,IITM-ESM,CCCR-IITM,India,r1i1p1f1,250.0,1,1,1,1
M070,INM-CM4-8,INM,Russia,r1i1p1f1,100.0,1,1,1,1
M071,INM-CM5-0,INM,Russia,r1i1p1f1,100.0,1,1,1,1
M072,INM-CM5-H,,,,,1,0,0,0
M073,IPSL-CM5A2-INCA,,,,,1,0,1,0
M074,IPSL-CM6A-LR,IPSL,France,r1i1p1f1,100.0,1,1,1,1
M075,IPSL-CM6A-LR-INCA,,,,,1,0,0,0
M076,IPSL-CM6A-MR1,,,,,0,0,0,0
M077,KACE-1-0-G,NIMS-KMA,Republic of Korea,r1i1p1f1,250.0,1,1,1,1
M078,KIOST-ESM,,,,,1,1,0,1
M079,MCM-UA-1-0,UA,USA,r1i1p1f2,250.0,1,1,1,1
M080,MIROC-ES2H,MIROC,Japan,r1i1p4f2,111.0,1,1,1,1
M081,MIROC-ES2L,MIROC,Japan,r1i1p1f2,111.0,1,1,1,1
M082,MIROC6,MIROC,Japan,r1i1p1f1,100.0,1,1,1,1
M083,MPI-ESM-1-2-HAM,,,,,1,0,1,0
M084,MPI-ESM1-2-HR,MPI-M,Germany,r1i1p1f1,50.0,1,1,1,1
M085,MPI-ESM1-2-LR,MPI-M,Germany,r1i1p1f1,250.0,1,1,1,1
M086,MPI-ESM1-2-XR,,,,,1,0,0,0
M087,MRI-ESM2-0,MRI,Japan,r1i1p1f1,100.0,1,1,1,1
M088,NESM3,,,,,1,1,0,1
M089,NICAM16-7S,,,,,0,0,0,0
M090,NICAM16-8S,,,,,0,0,0,0
M091,NICAM16-9S,,,,,0,0,0,0
M092,NorCPM1,,,,,1,0,0,0
M093,NorESM1-F,,,,,0,0,0,0
M094,NorESM2-LM,NCC,Norway,r1i1p1f1,100.0,1,1,1,1
M095,NorESM2-MM,NCC,Norway,r1i1p1f1,100.0,1,1,1,1
M096,SAM0-UNICON,,,,,1,0,0,0
M097,TaiESM1,AS-RCEC,Taiwan,r1i1p1f1,100.0,1,1,1,1
M098,TaiESM1-TIMCOM,,,,,0,0,0,0
M099,TaiESM1-TIMCOM2,,,,,0,0,0,0
M100,UKESM1-0-LL,MOHC,UK,r1i1p1f2,100.0,1,1,1,1
M101,UKESM1-1-LL,,,,,1,0,1,0
M102,UKESM1-ice-LL,,,,,0,0,0,0
