model,grid_label,complete,historical,ssp245,ssp370,ssp585,member_id,fuente,intentos_busqueda
ACCESS-CM2,gn,True,True,True,True,True,r1i1p1f1,esgf_principal,0
ACCESS-ESM1-5,gn,True,True,True,True,True,r1i1p1f1,esgf_principal,0
AWI-CM-1-1-MR,gn,True,True,True,True,True,r1i1p1f1,esgf_principal,0
BCC-CSM2-MR,gn,True,True,True,True,True,r1i1p1f1,esgf_principal,0
CAMS-CSM1-0,gn,True,True,True,True,True,r1i1p1f1,esgf_principal,0
CAS-ESM2-0,gn,True,True,True,True,True,r1i1p1f1,esgf_principal,0
CESM2,gr,True,True,True,True,True,r1i1p1f1,esgf_principal,0
CESM2-WACCM,gr,True,True,True,True,True,r1i1p1f1,esgf_principal,0
CMCC-CM2-SR5,gn,True,True,True,True,True,r1i1p1f1,esgf_principal,0
CMCC-ESM2,gn,True,True,True,True,True,r1i1p1f1,esgf_principal,0
CNRM-CM6-1,gn,True,True,True,True,True,r1i1p1f2,esgf_principal,0
CNRM-CM6-1-HR,gn,True,True,True,True,True,r1i1p1f2,esgf_principal,0
CNRM-ESM2-1,gn,True,True,True,True,True,r1i1p1f2,esgf_principal,0
CanESM5,gn,True,True,True,True,True,r1i1p1f1,esgf_principal,0
CanESM5-1,gn,True,True,True,True,True,r1i1p1f1,esgf_principal,0
CanESM5-CanOE,gn,True,True,True,True,True,r1i1p2f1,esgf_principal,0
EC-Earth3,gn,True,True,True,True,True,r1i1p1f1,esgf_principal,0
EC-Earth3-Veg,gn,True,True,True,True,True,r1i1p1f1,esgf_principal,0
EC-Earth3-Veg-LR,gn,True,True,True,True,True,r1i1p1f1,esgf_principal,0
FGOALS-f3-L,gn,True,True,True,True,True,r1i1p1f1,esgf_principal,0
FGOALS-g3,gn,True,True,True,True,True,r1i1p1f1,esgf_principal,0
GFDL-ESM4,gr,True,True,True,True,True,r1i1p1f1,esgf_principal,0
GISS-E2-1-G,gn,True,True,True,True,True,r1i1p3f1,esgf_principal,0
GISS-E2-1-H,gn,True,True,True,True,True,r1i1p3f1,esgf_principal,0
GISS-E2-2-G,gn,True,True,True,True,True,r1i1p3f1,esgf_principal,0
IITM-ESM,gn,True,True,True,True,True,r1i1p1f1,esgf_principal,0
INM-CM4-8,gr1,True,True,True,True,True,r1i1p1f1,esgf_principal,0
INM-CM5-0,gr1,True,True,True,True,True,r1i1p1f1,esgf_principal,0
IPSL-CM6A-LR,gn,True,True,True,True,True,r1i1p1f1,esgf_principal,0
MCM-UA-1-0,gn,True,True,True,True,True,r1i1p1f2,esgf_principal,0
MIROC-ES2H,gr1,False,True,False,False,False,r1i1p4f2,no_encontrado,3
MIROC-ES2L,gr1,True,True,True,True,True,r1i1p1f2,esgf_principal,0
MIROC6,gn,True,True,True,True,True,r1i1p1f1,esgf_principal,0
MPI-ESM1-2-HR,gn,True,True,True,True,True,r1i1p1f1,esgf_principal,0
MPI-ESM1-2-LR,gn,True,True,True,True,True,r1i1p1f1,esgf_principal,0
MRI-ESM2-0,gn,True,True,True,True,True,r1i1p1f1,esgf_principal,0
NorESM2-LM,gn,True,True,True,True,True,r1i1p1f1,esgf_principal,0
NorESM2-MM,gn,True,True,True,True,True,r1i1p1f1,esgf_principal,0
TaiESM1,gn,True,True,True,True,True,r1i1p1f1,esgf_principal,0
UKESM1-0-LL,gn,True,True,True,True,True,r1i1p1f2,esgf_principal,0
KACE-1-0-G,gr,True,True,True,True,True,r1i1p1f1,esgf_alt_node,0
