model,experiment,seconds,source
EC-Earth3-Veg,historical,480.0,measured
EC-Earth3-Veg,ssp245,197.0,measured
EC-Earth3-Veg,ssp370,187.0,measured
EC-Earth3-Veg,ssp585,211.0,measured
CESM2,historical,774.0,measured
GISS-E2-1-G,historical,149.0,measured
GISS-E2-1-G,ssp245,80.0,measured
GISS-E2-1-G,ssp370,12.0,measured
GISS-E2-1-G,ssp585,18.0,measured
GISS-E2-1-H,historical,165.0,measured
GISS-E2-1-H,ssp245,53.0,measured
GISS-E2-1-H,ssp370,8.0,measured
GISS-E2-1-H,ssp585,74.0,measured
MCM-UA-1-0,historical,5.0,measured
MCM-UA-1-0,ssp245,44.0,measured
MCM-UA-1-0,ssp370,3.0,measured
MCM-UA-1-0,ssp585,4.0,measured
ACCESS-CM2,ssp370,303.0,measured
ACCESS-ESM1-5,ssp370,366.0,measured
AWI-CM-1-1-MR,ssp370,2998.0,measured
BCC-CSM2-MR,historical,968.0,measured
BCC-CSM2-MR,ssp245,7.0,measured
BCC-CSM2-MR,ssp370,7.0,measured
BCC-CSM2-MR,ssp585,8.0,measured
CAMS-CSM1-0,historical,9.0,measured
CAMS-CSM1-0,ssp245,578.0,measured
CAMS-CSM1-0,ssp370,578.0,measured
CAMS-CSM1-0,ssp585,577.0,measured
CAS-ESM2-0,historical,11.0,measured
CAS-ESM2-0,ssp245,5.0,measured
CAS-ESM2-0,ssp370,5.0,measured
CAS-ESM2-0,ssp585,341.0,measured
CESM2,historical,10.0,measured
CESM2,ssp245,8.0,measured
CESM2,ssp370,9.0,measured
CESM2,ssp585,9.0,measured
CESM2-WACCM,historical,59.0,measured
CESM2-WACCM,ssp245,310.0,measured
CESM2-WACCM,ssp370,493.0,measured
CESM2-WACCM,ssp585,8.0,measured
CMCC-CM2-SR5,historical,11.0,measured
CMCC-CM2-SR5,ssp245,6.0,measured
CMCC-CM2-SR5,ssp370,7.0,measured
CMCC-CM2-SR5,ssp585,5.0,measured
CMCC-ESM2,historical,9.0,measured
CMCC-ESM2,ssp245,5.0,measured
CMCC-ESM2,ssp370,235.0,measured
CMCC-ESM2,ssp585,5.0,measured
CNRM-CM6-1,historical,8.0,measured
CNRM-CM6-1,ssp245,411.0,measured
CNRM-CM6-1,ssp370,5.0,measured
CNRM-CM6-1,ssp585,411.0,measured
CNRM-CM6-1-HR,historical,2304.0,measured
CNRM-CM6-1-HR,ssp245,36.0,measured
CNRM-CM6-1-HR,ssp370,42.0,measured
CNRM-CM6-1-HR,ssp585,1105.0,measured
CNRM-ESM2-1,historical,8.0,measured
CNRM-ESM2-1,ssp245,411.0,measured
CNRM-ESM2-1,ssp370,6.0,measured
CNRM-ESM2-1,ssp585,411.0,measured
CanESM5,historical,903.0,measured
CanESM5,ssp245,477.0,measured
CanESM5,ssp370,262.0,measured
CanESM5,ssp585,188.0,measured
CanESM5-1,historical,157.0,measured
CanESM5-1,ssp245,94.0,measured
CanESM5-1,ssp370,149.0,measured
CanESM5-1,ssp585,814.0,measured
CanESM5-CanOE,historical,264.0,measured
CanESM5-CanOE,ssp245,8.0,measured
CanESM5-CanOE,ssp370,546.0,measured
CanESM5-CanOE,ssp585,204.0,measured
EC-Earth3,historical,1221.0,measured
EC-Earth3,ssp245,608.0,measured
EC-Earth3,ssp370,652.0,measured
EC-Earth3,ssp585,615.0,measured
EC-Earth3-Veg-LR,historical,1171.0,measured
EC-Earth3-Veg-LR,ssp245,730.0,measured
EC-Earth3-Veg-LR,ssp370,503.0,measured
EC-Earth3-Veg-LR,ssp585,475.0,measured
FGOALS-f3-L,historical,605.0,measured
FGOALS-f3-L,ssp245,10.0,measured
FGOALS-f3-L,ssp370,381.0,measured
FGOALS-f3-L,ssp585,756.0,measured
FGOALS-g3,historical,753.0,measured
FGOALS-g3,ssp245,487.0,measured
FGOALS-g3,ssp370,647.0,measured
FGOALS-g3,ssp585,472.0,measured
GFDL-ESM4,historical,216.0,measured
GFDL-ESM4,ssp245,137.0,measured
GFDL-ESM4,ssp370,212.0,measured
GFDL-ESM4,ssp585,137.0,measured
GISS-E2-2-G,historical,228.0,measured
GISS-E2-2-G,ssp245,31.0,measured
GISS-E2-2-G,ssp370,96.0,measured
GISS-E2-2-G,ssp585,64.0,measured
IITM-ESM,historical,258.0,measured
IITM-ESM,ssp245,208.0,measured
IITM-ESM,ssp370,109.0,measured
IITM-ESM,ssp585,193.0,measured
INM-CM4-8,historical,166.0,measured
INM-CM4-8,ssp245,8.0,measured
INM-CM4-8,ssp370,115.0,measured
INM-CM4-8,ssp585,8.0,measured
INM-CM5-0,historical,167.0,measured
INM-CM5-0,ssp245,94.0,measured
INM-CM5-0,ssp370,158.0,measured
INM-CM5-0,ssp585,183.0,measured
IPSL-CM6A-LR,historical,764.0,measured
IPSL-CM6A-LR,ssp245,5.0,measured
IPSL-CM6A-LR,ssp370,401.0,measured
IPSL-CM6A-LR,ssp585,6.0,measured
MIROC-ES2L,historical,394.0,measured
MIROC-ES2L,ssp245,4.0,measured
MIROC-ES2L,ssp370,244.0,measured
MIROC-ES2L,ssp585,244.0,measured
MIROC6,historical,10.0,measured
MIROC6,ssp245,4.0,measured
MIROC6,ssp370,4.0,measured
MIROC6,ssp585,5.0,measured
MPI-ESM1-2-HR,historical,1510.0,measured
MPI-ESM1-2-HR,ssp245,232.0,measured
MPI-ESM1-2-HR,ssp370,863.0,measured
MPI-ESM1-2-HR,ssp585,663.0,measured
MPI-ESM1-2-LR,historical,257.0,measured
MPI-ESM1-2-LR,ssp245,149.0,measured
MPI-ESM1-2-LR,ssp370,110.0,measured
MPI-ESM1-2-LR,ssp585,131.0,measured
MRI-ESM2-0,historical,9.0,measured
MRI-ESM2-0,ssp245,537.0,measured
MRI-ESM2-0,ssp370,6.0,measured
MRI-ESM2-0,ssp585,197.0,measured
NorESM2-LM,historical,976.0,measured
NorESM2-LM,ssp245,150.0,measured
NorESM2-LM,ssp370,291.0,measured
NorESM2-LM,ssp585,214.0,measured
NorESM2-MM,historical,480.0,measured
NorESM2-MM,ssp245,211.0,measured
NorESM2-MM,ssp370,332.0,measured
NorESM2-MM,ssp585,380.0,measured
TaiESM1,historical,1314.0,measured
TaiESM1,ssp245,702.0,measured
TaiESM1,ssp370,652.0,measured
TaiESM1,ssp585,775.0,measured
UKESM1-0-LL,historical,10.0,measured
UKESM1-0-LL,ssp245,328.0,measured
UKESM1-0-LL,ssp370,178.0,measured
UKESM1-0-LL,ssp585,170.0,measured
KACE-1-0-G,historical,586.0,measured
KACE-1-0-G,ssp245,293.0,measured
KACE-1-0-G,ssp370,347.0,measured
KACE-1-0-G,ssp585,695.0,measured
ACCESS-CM2,historical,761.0,measured
ACCESS-CM2,ssp245,104.0,measured
ACCESS-CM2,ssp370,343.0,measured
ACCESS-CM2,ssp585,125.0,measured
ACCESS-ESM1-5,historical,953.0,measured
ACCESS-ESM1-5,ssp245,500.0,measured
ACCESS-ESM1-5,ssp370,425.0,measured
ACCESS-ESM1-5,ssp585,499.0,measured
AWI-CM-1-1-MR,historical,5023.0,measured
AWI-CM-1-1-MR,ssp245,3146.0,measured
AWI-CM-1-1-MR,ssp370,4078.0,measured
AWI-CM-1-1-MR,ssp585,2656.0,measured
