number,inicio,fin,fecha_pico,duracion_meses,magnitud_pico,categoria_oficial,categoria_relativa
M01,1901-09-01,1902-03-01,1902-01-01,7,0.8897,debil,fuerte
M01,1905-07-01,1906-02-01,1905-11-01,8,1.4681,fuerte,fuerte
M01,1909-07-01,1910-03-01,1909-11-01,9,1.5098,fuerte,fuerte
M01,1911-08-01,1912-02-01,1911-12-01,7,0.7408,debil,moderado
M01,1913-07-01,1914-01-01,1913-11-01,7,1.4339,moderado,fuerte
M01,1915-04-01,1916-04-01,1915-11-01,13,2.0914,muy_fuerte,extremo
M01,1918-03-01,1919-02-01,1918-12-01,12,1.0362,moderado,fuerte
M01,1920-10-01,1921-02-01,1920-12-01,5,0.9412,debil,fuerte
M01,1924-06-01,1925-02-01,1924-10-01,9,1.1410,moderado,fuerte
M01,1926-08-01,1927-04-01,1926-12-01,9,1.3390,moderado,fuerte
M01,1931-12-01,1932-05-01,1932-03-01,6,0.9405,debil,fuerte
M01,1933-11-01,1934-05-01,1934-03-01,7,1.2240,moderado,fuerte
M01,1935-09-01,1936-05-01,1936-02-01,9,1.3377,moderado,fuerte
M01,1940-11-01,1941-05-01,1941-03-01,7,0.9869,moderado,fuerte
M01,1946-08-01,1947-01-01,1946-11-01,6,0.8607,debil,fuerte
M01,1948-06-01,1949-05-01,1948-11-01,12,2.3569,muy_fuerte,extremo
M01,1950-09-01,1951-04-01,1951-02-01,8,1.1677,moderado,fuerte
M01,1954-09-01,1955-03-01,1955-02-01,7,0.9518,moderado,fuerte
M01,1957-09-01,1958-01-01,1957-12-01,5,0.7632,debil,moderado
M01,1960-07-01,1961-02-01,1960-11-01,8,1.5846,fuerte,fuerte
M01,1963-12-01,1964-04-01,1964-03-01,5,0.8443,debil,moderado
M01,1967-10-01,1968-05-01,1968-03-01,8,1.0346,moderado,fuerte
M01,1968-07-01,1969-02-01,1968-11-01,8,1.3964,moderado,fuerte
M01,1972-05-01,1973-03-01,1972-11-01,11,2.3697,muy_fuerte,extremo
M01,1976-10-01,1977-03-01,1976-12-01,6,0.9377,debil,fuerte
M01,1978-08-01,1979-03-01,1979-01-01,8,1.2403,moderado,fuerte
M01,1983-08-01,1984-02-01,1983-12-01,7,1.4616,fuerte,fuerte
M01,1985-02-01,1986-04-01,1985-11-01,15,2.4888,muy_fuerte,extremo
M01,1988-11-01,1989-04-01,1989-03-01,6,0.7473,debil,moderado
M01,1990-03-01,1991-02-01,1990-11-01,12,1.3199,moderado,fuerte
M01,1992-11-01,1993-05-01,1993-02-01,7,1.1419,moderado,fuerte
M01,1999-08-01,2000-03-01,2000-01-01,8,0.8731,debil,fuerte
M01,2002-09-01,2003-04-01,2003-02-01,8,0.9312,debil,fuerte
M01,2005-04-01,2006-04-01,2006-02-01,13,1.1188,moderado,fuerte
M01,2009-11-01,2010-07-01,2010-03-01,9,1.0315,moderado,fuerte
M01,2011-05-01,2012-04-01,2011-11-01,12,2.5300,muy_fuerte,extremo
M02,1900-02-01,1901-01-01,1900-10-01,12,1.2474,moderado,fuerte
M02,1906-03-01,1906-07-01,1906-05-01,5,0.5757,debil,moderado
M02,1910-09-01,1911-03-01,1910-11-01,7,0.8389,debil,moderado
M02,1912-02-01,1912-08-01,1912-03-01,7,0.7801,debil,moderado
M02,1914-09-01,1915-01-01,1914-10-01,5,0.7553,debil,moderado
M02,1915-07-01,1916-02-01,1915-11-01,8,0.8942,debil,moderado
M02,1917-10-01,1918-02-01,1918-01-01,5,0.7073,debil,moderado
M02,1920-04-01,1921-02-01,1921-01-01,11,1.4677,fuerte,fuerte
M02,1923-03-01,1924-02-01,1923-12-01,12,1.6908,fuerte,fuerte
M02,1925-04-01,1926-04-01,1925-11-01,13,1.0502,moderado,fuerte
M02,1934-03-01,1935-01-01,1934-10-01,11,1.0934,moderado,fuerte
M02,1941-10-01,1942-09-01,1941-12-01,12,1.2071,moderado,fuerte
M02,1945-08-01,1945-12-01,1945-10-01,5,0.6969,debil,moderado
M02,1948-05-01,1949-03-01,1949-01-01,11,1.3832,moderado,fuerte
M02,1951-08-01,1952-02-01,1951-12-01,7,1.1526,moderado,fuerte
M02,1953-10-01,1955-01-01,1954-12-01,16,1.2975,moderado,fuerte
M02,1961-03-01,1963-05-01,1962-12-01,27,1.7834,fuerte,fuerte
M02,1965-08-01,1966-02-01,1965-11-01,7,1.2004,moderado,fuerte
M02,1968-07-01,1969-03-01,1969-01-01,9,1.6637,fuerte,fuerte
M02,1972-09-01,1974-01-01,1973-04-01,17,2.1640,muy_fuerte,extremo
M02,1976-08-01,1977-06-01,1977-03-01,11,0.9829,moderado,fuerte
M02,1980-02-01,1980-07-01,1980-04-01,6,1.0859,moderado,fuerte
M02,1983-07-01,1984-03-01,1984-01-01,9,1.6435,fuerte,fuerte
M02,1992-12-01,1993-04-01,1993-03-01,5,1.1005,moderado,fuerte
M02,1995-02-01,1996-03-01,1995-12-01,14,1.7593,fuerte,fuerte
M02,1997-09-01,1999-03-01,1998-11-01,19,1.1852,moderado,fuerte
M02,2000-11-01,2002-07-01,2002-01-01,21,1.9047,fuerte,extremo
M02,2004-10-01,2005-08-01,2005-02-01,11,1.0489,moderado,fuerte
M02,2008-08-01,2009-02-01,2009-01-01,7,1.0642,moderado,fuerte
M02,2013-07-01,2014-03-01,2014-01-01,9,1.2336,moderado,fuerte
M03,1900-08-01,1901-02-01,1900-10-01,7,0.9234,debil,moderado
M03,1901-11-01,1902-03-01,1902-01-01,5,0.9300,debil,moderado
M03,1903-03-01,1904-03-01,1903-12-01,13,2.4796,muy_fuerte,extremo
M03,1907-06-01,1908-04-01,1908-03-01,11,1.6330,fuerte,fuerte
M03,1910-05-01,1911-04-01,1911-01-01,12,3.2398,muy_fuerte,extremo
M03,1913-06-01,1913-12-01,1913-09-01,7,1.2722,moderado,fuerte
M03,1917-08-01,1918-06-01,1917-11-01,11,0.9536,moderado,moderado
M03,1920-04-01,1920-09-01,1920-07-01,6,0.8260,debil,moderado
M03,1923-04-01,1925-02-01,1923-12-01,23,2.4336,muy_fuerte,extremo
M03,1930-06-01,1931-02-01,1931-01-01,9,0.8560,debil,moderado
M03,1933-11-01,1934-09-01,1934-04-01,11,1.3927,moderado,fuerte
M03,1935-03-01,1935-07-01,1935-05-01,5,1.2033,moderado,fuerte
M03,1940-02-01,1940-08-01,1940-05-01,7,0.9820,moderado,moderado
M03,1943-06-01,1945-01-01,1944-08-01,20,1.5054,fuerte,fuerte
M03,1947-05-01,1948-07-01,1948-04-01,15,1.6768,fuerte,fuerte
M03,1952-06-01,1953-02-01,1952-08-01,9,0.7802,debil,moderado
M03,1953-04-01,1954-04-01,1954-01-01,13,2.0757,muy_fuerte,extremo
M03,1956-07-01,1957-01-01,1956-11-01,7,0.7325,debil,moderado
M03,1961-10-01,1963-04-01,1962-11-01,19,2.1266,muy_fuerte,extremo
M03,1968-02-01,1968-06-01,1968-04-01,5,1.2126,moderado,fuerte
M03,1969-05-01,1970-04-01,1969-12-01,12,3.3930,muy_fuerte,extremo
M03,1971-10-01,1972-05-01,1972-03-01,8,0.9590,moderado,moderado
M03,1974-03-01,1974-09-01,1974-07-01,7,0.8716,debil,moderado
M03,1976-02-01,1977-06-01,1976-12-01,17,2.1784,muy_fuerte,extremo
M03,1979-03-01,1979-10-01,1979-07-01,8,1.0731,moderado,fuerte
M03,1983-08-01,1983-12-01,1983-09-01,5,0.7060,debil,moderado
M03,1986-06-01,1987-04-01,1986-11-01,11,1.1601,moderado,fuerte
M03,1989-03-01,1990-04-01,1990-01-01,14,1.9691,muy_fuerte,extremo
M03,1994-07-01,1996-05-01,1994-11-01,23,1.3196,moderado,fuerte
M03,2000-01-01,2000-05-01,2000-03-01,5,1.1464,moderado,fuerte
M03,2000-09-01,2001-04-01,2001-02-01,8,0.8130,debil,moderado
M03,2002-09-01,2003-07-01,2003-04-01,11,1.4416,moderado,fuerte
M03,2006-08-01,2007-01-01,2006-12-01,6,1.0563,moderado,fuerte
M03,2007-05-01,2008-02-01,2007-11-01,10,1.7712,fuerte,fuerte
M03,2009-05-01,2010-05-01,2009-11-01,13,1.6173,fuerte,fuerte
M03,2012-03-01,2013-01-01,2012-10-01,11,1.0672,moderado,fuerte
M04,1900-10-01,1901-06-01,1901-02-01,9,1.0324,moderado,fuerte
M04,1903-07-01,1904-01-01,1903-11-01,7,1.6640,fuerte,fuerte
M04,1905-06-01,1905-12-01,1905-08-01,7,0.8538,debil,moderado
M04,1908-08-01,1909-01-01,1908-11-01,6,1.0632,moderado,fuerte
M04,1910-04-01,1910-11-01,1910-09-01,8,1.3172,moderado,fuerte
M04,1913-05-01,1913-12-01,1913-09-01,8,1.0735,moderado,fuerte
M04,1914-08-01,1915-01-01,1914-11-01,6,0.8302,debil,moderado
M04,1919-05-01,1919-11-01,1919-08-01,7,1.0100,moderado,fuerte
M04,1921-04-01,1921-11-01,1921-08-01,8,1.3150,moderado,fuerte
M04,1923-04-01,1923-08-01,1923-07-01,5,0.8373,debil,moderado
M04,1925-04-01,1926-03-01,1925-11-01,12,1.5039,fuerte,fuerte
M04,1927-05-01,1928-01-01,1927-10-01,9,1.3883,moderado,fuerte
M04,1929-12-01,1930-07-01,1930-04-01,8,1.1689,moderado,fuerte
M04,1932-04-01,1933-02-01,1932-10-01,11,2.1904,muy_fuerte,extremo
M04,1934-06-01,1934-11-01,1934-08-01,6,0.9288,debil,moderado
M04,1937-11-01,1938-04-01,1938-02-01,6,1.0021,moderado,fuerte
M04,1939-06-01,1940-01-01,1939-09-01,8,1.7657,fuerte,fuerte
M04,1941-07-01,1942-03-01,1941-11-01,9,1.5696,fuerte,fuerte
M04,1943-04-01,1944-02-01,1943-12-01,11,1.8092,fuerte,fuerte
M04,1946-04-01,1946-10-01,1946-08-01,7,1.1628,moderado,fuerte
M04,1948-03-01,1948-11-01,1948-06-01,9,1.5281,fuerte,fuerte
M04,1951-04-01,1951-12-01,1951-09-01,9,1.1946,moderado,fuerte
M04,1953-10-01,1955-01-01,1954-11-01,16,1.3516,moderado,fuerte
M04,1956-07-01,1957-02-01,1956-11-01,8,1.4778,fuerte,fuerte
M04,1958-07-01,1959-01-01,1958-09-01,7,0.9733,moderado,moderado
M04,1961-08-01,1961-12-01,1961-09-01,5,0.7694,debil,moderado
M04,1963-07-01,1964-03-01,1964-02-01,9,1.3094,moderado,fuerte
M04,1965-08-01,1966-03-01,1965-11-01,8,1.2294,moderado,fuerte
M04,1967-05-01,1968-02-01,1967-10-01,10,1.0743,moderado,fuerte
M04,1970-03-01,1970-10-01,1970-05-01,8,1.4035,moderado,fuerte
M04,1974-04-01,1975-04-01,1974-11-01,13,1.4155,moderado,fuerte
M04,1976-05-01,1977-01-01,1976-09-01,9,1.4757,fuerte,fuerte
M04,1978-04-01,1978-12-01,1978-08-01,9,1.2306,moderado,fuerte
M04,1980-10-01,1981-02-01,1981-01-01,5,0.7304,debil,moderado
M04,1982-08-01,1983-05-01,1983-02-01,10,0.8930,debil,moderado
M04,1984-03-01,1984-10-01,1984-08-01,8,0.8983,debil,moderado
M04,1986-12-01,1987-11-01,1987-09-01,12,0.8653,debil,moderado
M04,1989-02-01,1989-11-01,1989-08-01,10,0.9511,moderado,moderado
M04,1992-07-01,1993-02-01,1992-10-01,8,0.9590,moderado,moderado
M04,1994-02-01,1995-03-01,1994-09-01,14,1.9022,fuerte,fuerte
M04,1996-09-01,1997-05-01,1997-02-01,9,1.3248,moderado,fuerte
M04,2000-06-01,2001-02-01,2000-09-01,9,0.9313,debil,moderado
M04,2001-12-01,2002-06-01,2002-02-01,7,1.1874,moderado,fuerte
M04,2004-07-01,2005-02-01,2004-11-01,8,1.7268,fuerte,fuerte
M04,2006-05-01,2007-04-01,2006-12-01,12,1.3212,moderado,fuerte
M04,2008-12-01,2009-06-01,2009-04-01,7,1.0909,moderado,fuerte
M04,2011-03-01,2012-02-01,2011-07-01,12,1.3963,moderado,fuerte
M04,2013-04-01,2014-01-01,2013-11-01,10,1.0401,moderado,fuerte
M05,1901-05-01,1902-05-01,1902-03-01,13,1.7189,fuerte,fuerte
M05,1907-02-01,1908-05-01,1907-12-01,16,2.1695,muy_fuerte,fuerte
M05,1909-06-01,1909-12-01,1909-09-01,7,1.0298,moderado,moderado
M05,1911-07-01,1912-03-01,1912-01-01,9,1.6522,fuerte,fuerte
M05,1913-06-01,1914-02-01,1913-12-01,9,1.7508,fuerte,fuerte
M05,1916-02-01,1917-05-01,1917-01-01,16,1.8353,fuerte,fuerte
M05,1919-07-01,1920-07-01,1920-05-01,13,2.5242,muy_fuerte,extremo
M05,1924-01-01,1924-06-01,1924-05-01,6,1.5204,fuerte,fuerte
M05,1925-03-01,1926-05-01,1926-04-01,15,1.5933,fuerte,fuerte
M05,1928-03-01,1929-06-01,1929-04-01,16,2.1047,muy_fuerte,fuerte
M05,1931-10-01,1933-02-01,1932-05-01,17,1.5498,fuerte,fuerte
M05,1935-08-01,1936-07-01,1936-05-01,12,1.0167,moderado,moderado
M05,1938-10-01,1939-02-01,1938-12-01,5,1.1766,moderado,moderado
M05,1941-01-01,1941-06-01,1941-04-01,6,0.9932,moderado,moderado
M05,1945-04-01,1946-07-01,1945-10-01,16,2.5272,muy_fuerte,extremo
M05,1948-06-01,1949-04-01,1949-01-01,11,1.6304,fuerte,fuerte
M05,1951-02-01,1951-08-01,1951-05-01,7,1.5305,fuerte,fuerte
M05,1953-03-01,1954-06-01,1953-10-01,16,2.8330,muy_fuerte,extremo
M05,1957-08-01,1958-05-01,1958-04-01,10,1.7661,fuerte,fuerte
M05,1960-05-01,1961-06-01,1961-04-01,14,2.4864,muy_fuerte,extremo
M05,1964-02-01,1965-02-01,1964-05-01,13,1.8891,fuerte,fuerte
M05,1966-05-01,1968-02-01,1967-05-01,22,1.8484,fuerte,fuerte
M05,1974-04-01,1975-01-01,1974-06-01,10,1.7464,fuerte,fuerte
M05,1976-06-01,1977-06-01,1977-04-01,13,2.5590,muy_fuerte,extremo
M05,1979-09-01,1980-06-01,1979-12-01,10,1.8565,fuerte,fuerte
M05,1983-02-01,1984-03-01,1983-12-01,14,1.7756,fuerte,fuerte
M05,1986-02-01,1987-04-01,1986-05-01,15,1.9022,fuerte,fuerte
M05,1992-07-01,1993-01-01,1992-12-01,7,1.1481,moderado,moderado
M05,1996-11-01,1997-03-01,1997-01-01,5,0.9920,moderado,moderado
M05,1997-09-01,1998-06-01,1998-01-01,10,1.5971,fuerte,fuerte
M05,1999-08-01,2000-02-01,2000-01-01,7,0.7667,debil,moderado
M05,2002-03-01,2003-02-01,2002-05-01,12,1.8922,fuerte,fuerte
M05,2004-02-01,2004-08-01,2004-05-01,7,1.4743,fuerte,fuerte
M05,2005-02-01,2005-11-01,2005-05-01,10,1.3259,moderado,fuerte
M05,2008-09-01,2009-02-01,2008-12-01,6,0.8701,debil,moderado
M05,2012-09-01,2013-02-01,2012-12-01,6,1.2036,moderado,moderado
M06,1902-05-01,1903-08-01,1902-10-01,16,2.0526,muy_fuerte,fuerte
M06,1903-11-01,1904-03-01,1904-01-01,5,0.9611,moderado,moderado
M06,1905-07-01,1906-03-01,1905-10-01,9,1.3677,moderado,moderado
M06,1908-07-01,1909-03-01,1908-12-01,9,1.1268,moderado,moderado
M06,1911-04-01,1912-03-01,1911-11-01,12,2.9660,muy_fuerte,extremo
M06,1914-06-01,1915-04-01,1914-09-01,11,1.1803,moderado,moderado
M06,1915-10-01,1916-03-01,1916-01-01,6,0.9495,debil,moderado
M06,1916-10-01,1917-04-01,1917-01-01,7,1.1634,moderado,moderado
M06,1917-07-01,1919-03-01,1919-01-01,21,1.4939,fuerte,fuerte
M06,1921-08-01,1922-04-01,1922-01-01,9,1.4238,moderado,moderado
M06,1922-09-01,1923-04-01,1923-02-01,8,0.9846,moderado,moderado
M06,1923-06-01,1924-04-01,1923-09-01,11,1.0913,moderado,moderado
M06,1927-06-01,1928-02-01,1927-11-01,9,3.2101,muy_fuerte,extremo
M06,1931-02-01,1934-03-01,1932-09-01,38,2.0927,muy_fuerte,fuerte
M06,1935-08-01,1937-03-01,1936-11-01,20,3.1013,muy_fuerte,extremo
M06,1938-05-01,1939-04-01,1938-12-01,12,2.3924,muy_fuerte,fuerte
M06,1941-08-01,1942-03-01,1942-01-01,8,1.7101,fuerte,fuerte
M06,1942-06-01,1943-03-01,1943-01-01,10,1.6998,fuerte,fuerte
M06,1945-07-01,1946-05-01,1946-02-01,11,1.1159,moderado,moderado
M06,1947-01-01,1948-02-01,1947-11-01,14,2.5872,muy_fuerte,fuerte
M06,1952-06-01,1953-02-01,1952-12-01,9,3.1437,muy_fuerte,extremo
M06,1954-06-01,1955-04-01,1954-12-01,11,1.8973,fuerte,fuerte
M06,1956-07-01,1957-03-01,1956-12-01,9,1.5855,fuerte,fuerte
M06,1959-02-01,1960-03-01,1960-01-01,14,2.3091,muy_fuerte,fuerte
M06,1961-11-01,1962-03-01,1962-01-01,5,1.2076,moderado,moderado
M06,1962-09-01,1963-03-01,1962-12-01,7,1.9137,fuerte,fuerte
M06,1963-06-01,1964-03-01,1964-01-01,10,1.5536,fuerte,fuerte
M06,1964-10-01,1965-10-01,1965-08-01,13,1.9931,muy_fuerte,fuerte
M06,1967-01-01,1968-02-01,1967-11-01,14,2.9928,muy_fuerte,extremo
M06,1970-08-01,1971-03-01,1970-11-01,8,1.8387,fuerte,fuerte
M06,1972-08-01,1974-03-01,1973-12-01,20,1.6262,fuerte,fuerte
M06,1975-06-01,1976-03-01,1975-11-01,10,2.9439,muy_fuerte,extremo
M06,1977-06-01,1978-04-01,1977-12-01,11,2.7248,muy_fuerte,fuerte
M06,1979-05-01,1980-03-01,1980-01-01,11,1.1877,moderado,moderado
M06,1981-04-01,1982-02-01,1981-10-01,11,3.9394,muy_fuerte,extremo
M06,1984-06-01,1985-02-01,1984-11-01,9,3.1196,muy_fuerte,extremo
M06,1987-05-01,1988-02-01,1987-11-01,10,3.6992,muy_fuerte,extremo
M06,1992-03-01,1993-02-01,1992-10-01,12,3.8457,muy_fuerte,extremo
M06,1997-06-01,1998-02-01,1997-11-01,9,3.8674,muy_fuerte,extremo
M06,2001-02-01,2002-02-01,2001-11-01,13,3.5396,muy_fuerte,extremo
M06,2003-09-01,2004-05-01,2004-01-01,9,1.3891,moderado,moderado
M06,2004-09-01,2005-03-01,2005-01-01,7,1.2967,moderado,moderado
M06,2007-03-01,2008-02-01,2007-11-01,12,3.3079,muy_fuerte,extremo
M06,2011-06-01,2012-11-01,2012-07-01,18,1.3961,moderado,moderado
M06,2013-06-01,2014-03-01,2013-11-01,10,3.4048,muy_fuerte,extremo
M07,1900-08-01,1900-12-01,1900-09-01,5,0.5755,debil,moderado
M07,1901-05-01,1901-11-01,1901-08-01,7,1.0097,moderado,moderado
M07,1903-05-01,1904-05-01,1903-12-01,13,2.9778,muy_fuerte,extremo
M07,1905-10-01,1906-04-01,1906-02-01,7,1.0124,moderado,moderado
M07,1907-06-01,1908-03-01,1907-11-01,10,1.2403,moderado,moderado
M07,1910-04-01,1911-05-01,1910-12-01,14,3.4189,muy_fuerte,extremo
M07,1918-12-01,1919-07-01,1919-03-01,8,0.8545,debil,moderado
M07,1924-08-01,1925-05-01,1925-01-01,10,1.3326,moderado,fuerte
M07,1927-10-01,1930-04-01,1930-01-01,31,1.5698,fuerte,fuerte
M07,1932-06-01,1935-06-01,1934-12-01,37,3.4027,muy_fuerte,extremo
M07,1936-07-01,1936-11-01,1936-10-01,5,0.7113,debil,moderado
M07,1939-10-01,1940-05-01,1940-03-01,8,1.0708,moderado,moderado
M07,1942-04-01,1943-08-01,1942-12-01,17,1.1283,moderado,moderado
M07,1945-05-01,1946-05-01,1945-12-01,13,3.1572,muy_fuerte,extremo
M07,1949-03-01,1949-08-01,1949-05-01,6,0.8826,debil,moderado
M07,1952-05-01,1953-05-01,1953-01-01,13,2.2771,muy_fuerte,fuerte
M07,1955-04-01,1956-12-01,1956-03-01,21,1.0954,moderado,moderado
M07,1958-05-01,1959-05-01,1958-12-01,13,3.1473,muy_fuerte,extremo
M07,1961-05-01,1962-03-01,1961-12-01,11,0.7481,debil,moderado
M07,1963-09-01,1965-04-01,1964-08-01,20,2.3418,muy_fuerte,fuerte
M07,1967-04-01,1968-01-01,1967-08-01,10,1.4655,fuerte,fuerte
M07,1970-06-01,1972-03-01,1971-01-01,22,2.0498,muy_fuerte,fuerte
M07,1975-11-01,1977-04-01,1976-11-01,18,1.9546,muy_fuerte,fuerte
M07,1978-09-01,1979-12-01,1978-11-01,16,1.3896,moderado,fuerte
M07,1982-06-01,1983-05-01,1982-12-01,12,2.5610,muy_fuerte,fuerte
M07,1984-07-01,1984-12-01,1984-11-01,6,0.7680,debil,moderado
M07,1986-06-01,1988-06-01,1986-11-01,25,1.9084,fuerte,fuerte
M07,1990-05-01,1991-05-01,1991-01-01,13,2.5324,muy_fuerte,fuerte
M07,1992-09-01,1994-03-01,1993-11-01,19,2.9492,muy_fuerte,extremo
M07,1996-08-01,1997-01-01,1996-10-01,6,0.9560,moderado,moderado
M07,1997-03-01,1998-03-01,1997-11-01,13,1.4994,fuerte,fuerte
M07,2000-06-01,2002-05-01,2000-11-01,24,1.6621,fuerte,fuerte
M07,2006-04-01,2007-05-01,2006-12-01,14,3.0176,muy_fuerte,extremo
M07,2009-08-01,2010-02-01,2009-12-01,7,1.2054,moderado,moderado
M07,2011-08-01,2013-04-01,2012-12-01,21,2.8884,muy_fuerte,extremo
M08,1900-07-01,1901-04-01,1900-11-01,10,1.1198,moderado,moderado
M08,1903-03-01,1904-06-01,1903-12-01,16,4.2165,muy_fuerte,extremo
M08,1905-08-01,1907-03-01,1906-11-01,20,2.5223,muy_fuerte,extremo
M08,1908-09-01,1910-02-01,1909-11-01,18,1.0818,moderado,moderado
M08,1910-07-01,1912-01-01,1910-12-01,19,1.4229,moderado,fuerte
M08,1912-06-01,1912-11-01,1912-09-01,6,0.6244,debil,moderado
M08,1915-07-01,1916-08-01,1915-11-01,14,1.0635,moderado,moderado
M08,1917-05-01,1918-04-01,1917-11-01,12,1.8075,fuerte,fuerte
M08,1919-11-01,1922-04-01,1921-11-01,30,2.2419,muy_fuerte,fuerte
M08,1923-06-01,1924-05-01,1923-12-01,12,2.7172,muy_fuerte,extremo
M08,1927-03-01,1928-06-01,1927-12-01,16,1.2228,moderado,moderado
M08,1930-07-01,1932-02-01,1931-01-01,20,2.0441,muy_fuerte,fuerte
M08,1934-09-01,1936-07-01,1935-11-01,23,4.8449,muy_fuerte,extremo
M08,1937-09-01,1939-06-01,1938-12-01,22,1.4772,fuerte,fuerte
M08,1940-10-01,1941-02-01,1940-12-01,5,0.7511,debil,moderado
M08,1941-12-01,1942-12-01,1942-05-01,13,1.1304,moderado,moderado
M08,1943-03-01,1944-05-01,1943-12-01,15,2.7410,muy_fuerte,extremo
M08,1948-10-01,1950-04-01,1949-11-01,19,1.9075,fuerte,fuerte
M08,1951-04-01,1952-06-01,1952-01-01,15,3.3299,muy_fuerte,extremo
M08,1954-08-01,1955-04-01,1954-12-01,9,1.9374,fuerte,fuerte
M08,1955-06-01,1957-10-01,1955-12-01,29,1.9406,fuerte,fuerte
M08,1960-09-01,1961-05-01,1960-11-01,9,0.9023,debil,moderado
M08,1962-10-01,1964-06-01,1964-01-01,21,3.4511,muy_fuerte,extremo
M08,1966-05-01,1968-07-01,1966-12-01,27,1.2665,moderado,fuerte
M08,1971-10-01,1973-11-01,1973-01-01,26,3.4321,muy_fuerte,extremo
M08,1975-09-01,1979-02-01,1978-01-01,42,2.0206,muy_fuerte,fuerte
M08,1980-06-01,1982-04-01,1981-12-01,23,2.8217,muy_fuerte,extremo
M08,1983-08-01,1985-04-01,1984-12-01,21,2.3337,muy_fuerte,fuerte
M08,1988-02-01,1989-03-01,1988-12-01,14,2.8974,muy_fuerte,extremo
M08,1991-09-01,1993-04-01,1992-11-01,20,2.8457,muy_fuerte,extremo
M08,1996-05-01,1996-12-01,1996-10-01,8,0.7591,debil,moderado
M08,1999-09-01,2001-07-01,2000-12-01,23,1.5157,fuerte,fuerte
M08,2003-05-01,2004-01-01,2003-11-01,9,0.9912,moderado,moderado
M08,2006-11-01,2008-05-01,2008-01-01,19,2.1115,muy_fuerte,fuerte
M08,2011-02-01,2012-03-01,2011-11-01,14,1.8720,fuerte,fuerte
M09,1900-02-01,1902-05-01,1901-11-01,28,2.3135,muy_fuerte,fuerte
M09,1908-09-01,1910-06-01,1909-12-01,22,4.7794,muy_fuerte,extremo
M09,1915-11-01,1917-02-01,1916-11-01,16,2.0230,muy_fuerte,fuerte
M09,1920-06-01,1922-06-01,1921-11-01,25,1.9965,muy_fuerte,fuerte
M09,1928-05-01,1929-05-01,1928-12-01,13,1.1108,moderado,moderado
M09,1934-08-01,1935-06-01,1934-10-01,11,1.1049,moderado,moderado
M09,1935-09-01,1936-06-01,1936-03-01,10,1.2158,moderado,moderado
M09,1947-07-01,1948-12-01,1947-12-01,18,1.6827,fuerte,fuerte
M09,1950-08-01,1953-04-01,1951-11-01,33,3.1547,muy_fuerte,extremo
M09,1955-06-01,1957-03-01,1955-11-01,22,2.5575,muy_fuerte,fuerte
M09,1962-09-01,1965-05-01,1964-11-01,33,3.9324,muy_fuerte,extremo
M09,1970-02-01,1972-04-01,1971-11-01,27,4.0567,muy_fuerte,extremo
M09,1979-05-01,1981-05-01,1980-11-01,25,2.4603,muy_fuerte,fuerte
M09,1982-09-01,1984-07-01,1983-11-01,23,2.1121,muy_fuerte,fuerte
M09,1987-04-01,1988-01-01,1987-09-01,10,1.6842,fuerte,fuerte
M09,1990-05-01,1993-04-01,1990-11-01,36,3.1341,muy_fuerte,extremo
M09,2001-03-01,2003-05-01,2002-12-01,27,4.1361,muy_fuerte,extremo
M09,2007-05-01,2008-06-01,2007-11-01,14,2.0606,muy_fuerte,fuerte
M09,2012-06-01,2013-04-01,2012-11-01,11,1.4378,moderado,fuerte
M10,1901-07-01,1902-11-01,1902-01-01,17,2.3325,muy_fuerte,fuerte
M10,1905-10-01,1907-05-01,1906-12-01,20,1.9716,muy_fuerte,fuerte
M10,1911-09-01,1913-05-01,1912-11-01,21,4.4866,muy_fuerte,extremo
M10,1919-10-01,1920-02-01,1919-12-01,5,0.6412,debil,moderado
M10,1920-04-01,1921-07-01,1920-12-01,16,2.6937,muy_fuerte,fuerte
M10,1927-02-01,1928-05-01,1927-09-01,16,2.1801,muy_fuerte,fuerte
M10,1931-01-01,1932-06-01,1931-11-01,18,4.6115,muy_fuerte,extremo
M10,1935-06-01,1936-01-01,1935-10-01,8,1.6230,fuerte,fuerte
M10,1936-09-01,1937-02-01,1936-11-01,6,1.1847,moderado,moderado
M10,1939-07-01,1941-05-01,1940-12-01,23,4.1043,muy_fuerte,extremo
M10,1946-03-01,1947-06-01,1946-11-01,16,2.6034,muy_fuerte,fuerte
M10,1952-06-01,1952-11-01,1952-09-01,6,0.8156,debil,moderado
M10,1957-07-01,1958-07-01,1957-12-01,13,2.1629,muy_fuerte,fuerte
M10,1961-06-01,1963-04-01,1962-12-01,23,3.0478,muy_fuerte,extremo
M10,1966-09-01,1968-05-01,1967-12-01,21,3.7440,muy_fuerte,extremo
M10,1972-03-01,1974-02-01,1972-12-01,24,3.5373,muy_fuerte,extremo
M10,1979-03-01,1979-07-01,1979-04-01,5,0.6881,debil,moderado
M10,1982-08-01,1984-06-01,1983-12-01,23,2.9440,muy_fuerte,extremo
M10,1989-02-01,1990-04-01,1990-01-01,15,3.4273,muy_fuerte,extremo
M10,1991-07-01,1993-04-01,1992-09-01,22,2.0827,muy_fuerte,fuerte
M10,1997-04-01,1998-05-01,1997-11-01,14,2.5855,muy_fuerte,fuerte
M10,2001-01-01,2002-07-01,2001-12-01,19,2.6472,muy_fuerte,fuerte
M10,2006-05-01,2008-06-01,2007-12-01,26,2.6648,muy_fuerte,fuerte
M10,2010-09-01,2012-06-01,2011-11-01,22,3.0116,muy_fuerte,extremo
M11,1900-04-01,1901-02-01,1900-12-01,11,2.2607,muy_fuerte,extremo
M11,1903-01-01,1903-05-01,1903-02-01,5,0.9535,moderado,moderado
M11,1907-05-01,1908-02-01,1907-08-01,10,1.5728,fuerte,fuerte
M11,1912-08-01,1913-03-01,1912-10-01,8,0.9365,debil,moderado
M11,1913-05-01,1913-12-01,1913-07-01,8,0.9799,moderado,moderado
M11,1916-05-01,1917-03-01,1916-12-01,11,2.2253,muy_fuerte,extremo
M11,1919-08-01,1920-05-01,1920-03-01,10,0.9604,moderado,moderado
M11,1920-07-01,1920-11-01,1920-10-01,5,0.6602,debil,moderado
M11,1922-05-01,1922-10-01,1922-08-01,6,1.2350,moderado,fuerte
M11,1924-09-01,1925-01-01,1924-11-01,5,0.8277,debil,moderado
M11,1926-06-01,1927-04-01,1926-11-01,11,1.8383,fuerte,fuerte
M11,1929-07-01,1930-04-01,1929-11-01,10,1.0797,moderado,fuerte
M11,1932-07-01,1932-11-01,1932-09-01,5,0.9665,moderado,moderado
M11,1933-06-01,1934-01-01,1933-10-01,8,1.4407,moderado,fuerte
M11,1937-07-01,1939-02-01,1937-12-01,20,1.1360,moderado,fuerte
M11,1941-08-01,1942-11-01,1942-01-01,16,1.3809,moderado,fuerte
M11,1944-11-01,1946-03-01,1945-09-01,17,1.9047,fuerte,fuerte
M11,1948-06-01,1949-07-01,1949-01-01,14,1.8342,fuerte,fuerte
M11,1951-06-01,1952-04-01,1951-12-01,11,1.4655,fuerte,fuerte
M11,1954-05-01,1954-10-01,1954-08-01,6,0.7271,debil,moderado
M11,1957-05-01,1958-04-01,1957-12-01,12,3.1685,muy_fuerte,extremo
M11,1960-05-01,1961-05-01,1960-12-01,13,1.6193,fuerte,fuerte
M11,1963-09-01,1964-12-01,1964-01-01,16,1.7879,fuerte,fuerte
M11,1968-09-01,1969-02-01,1968-12-01,6,1.3796,moderado,fuerte
M11,1970-07-01,1971-10-01,1970-12-01,16,1.7582,fuerte,fuerte
M11,1974-08-01,1975-03-01,1975-01-01,8,1.8987,fuerte,fuerte
M11,1976-09-01,1977-09-01,1976-12-01,13,1.2147,moderado,fuerte
M11,1979-08-01,1980-06-01,1979-12-01,11,2.1023,muy_fuerte,extremo
M11,1984-08-01,1986-06-01,1984-12-01,23,1.3312,moderado,fuerte
M11,1986-08-01,1987-02-01,1986-12-01,7,1.3279,moderado,fuerte
M11,1987-06-01,1988-03-01,1987-12-01,10,0.7628,debil,moderado
M11,1989-10-01,1990-05-01,1990-03-01,8,0.9816,moderado,moderado
M11,1992-07-01,1993-04-01,1993-01-01,10,1.6665,fuerte,fuerte
M11,1994-08-01,1995-04-01,1994-12-01,9,1.2145,moderado,fuerte
M11,1997-04-01,1997-11-01,1997-09-01,8,0.9941,moderado,fuerte
M11,2000-05-01,2001-04-01,2000-12-01,12,2.9816,muy_fuerte,extremo
M11,2003-03-01,2004-01-01,2003-11-01,11,1.0269,moderado,fuerte
M11,2006-06-01,2007-06-01,2007-01-01,13,1.7508,fuerte,fuerte
M11,2009-09-01,2010-07-01,2010-04-01,11,1.4256,moderado,fuerte
M11,2011-08-01,2012-06-01,2012-01-01,11,1.1641,moderado,fuerte
M12,1909-06-01,1910-03-01,1909-11-01,10,1.1086,moderado,fuerte
M12,1919-05-01,1920-02-01,1919-12-01,10,1.1138,moderado,fuerte
M12,1924-08-01,1925-02-01,1924-12-01,7,0.7273,debil,fuerte
M12,1928-06-01,1929-03-01,1928-12-01,10,1.3523,moderado,extremo
M12,1938-09-01,1939-01-01,1938-11-01,5,0.8295,debil,fuerte
M12,1939-08-01,1940-01-01,1939-11-01,6,0.7025,debil,fuerte
M12,1947-06-01,1948-03-01,1947-10-01,10,0.7870,debil,fuerte
M12,1954-10-01,1955-04-01,1954-12-01,7,1.0747,moderado,fuerte
M12,1966-08-01,1967-03-01,1967-01-01,8,0.9924,moderado,fuerte
M12,1971-02-01,1971-07-01,1971-03-01,6,0.6571,debil,fuerte
M12,1974-07-01,1975-02-01,1975-01-01,8,1.0790,moderado,fuerte
M12,1981-08-01,1982-04-01,1981-12-01,9,1.1399,moderado,fuerte
M12,1984-07-01,1985-04-01,1985-01-01,10,0.8314,debil,fuerte
M12,1988-07-01,1988-12-01,1988-09-01,6,0.5628,debil,moderado
M12,1992-10-01,1994-04-01,1993-11-01,19,0.8194,debil,fuerte
M12,1996-08-01,1997-02-01,1996-12-01,7,0.9241,debil,fuerte
M12,2004-08-01,2005-01-01,2004-11-01,6,0.7836,debil,fuerte
M12,2006-08-01,2007-02-01,2006-11-01,7,1.0474,moderado,fuerte
M12,2009-08-01,2010-02-01,2009-12-01,7,1.4822,fuerte,extremo
M13,1900-06-01,1901-05-01,1901-01-01,12,2.0645,muy_fuerte,extremo
M13,1903-04-01,1904-03-01,1903-12-01,12,2.9816,muy_fuerte,extremo
M13,1906-05-01,1907-03-01,1906-12-01,11,2.1672,muy_fuerte,extremo
M13,1908-07-01,1909-04-01,1909-01-01,10,1.6645,fuerte,fuerte
M13,1910-10-01,1912-03-01,1912-01-01,18,1.5263,fuerte,fuerte
M13,1916-10-01,1917-02-01,1916-12-01,5,1.0545,moderado,fuerte
M13,1918-08-01,1919-05-01,1918-10-01,10,1.2528,moderado,fuerte
M13,1920-05-01,1921-02-01,1920-12-01,10,1.3979,moderado,fuerte
M13,1922-09-01,1923-05-01,1922-10-01,9,0.8885,debil,moderado
M13,1927-02-01,1928-06-01,1927-12-01,17,2.0271,muy_fuerte,extremo
M13,1930-01-01,1930-05-01,1930-03-01,5,0.8010,debil,moderado
M13,1931-09-01,1932-03-01,1932-02-01,7,1.2258,moderado,fuerte
M13,1934-10-01,1935-02-01,1934-12-01,5,0.7993,debil,moderado
M13,1937-06-01,1938-04-01,1937-12-01,11,2.6487,muy_fuerte,extremo
M13,1940-05-01,1941-02-01,1940-07-01,10,0.9286,debil,moderado
M13,1941-05-01,1942-03-01,1941-10-01,11,1.6457,fuerte,fuerte
M13,1943-07-01,1944-03-01,1943-12-01,9,1.8636,fuerte,fuerte
M13,1946-10-01,1947-04-01,1947-02-01,7,1.3300,moderado,fuerte
M13,1950-11-01,1951-04-01,1951-01-01,6,1.0196,moderado,moderado
M13,1954-06-01,1955-04-01,1954-12-01,11,2.4327,muy_fuerte,extremo
M13,1957-06-01,1958-05-01,1957-11-01,12,2.1791,muy_fuerte,extremo
M13,1959-07-01,1960-02-01,1959-09-01,8,0.9901,moderado,moderado
M13,1960-05-01,1960-12-01,1960-07-01,8,0.9630,moderado,moderado
M13,1966-05-01,1967-04-01,1966-11-01,12,2.2657,muy_fuerte,extremo
M13,1968-07-01,1969-03-01,1969-01-01,9,1.8326,fuerte,fuerte
M13,1970-10-01,1971-05-01,1970-12-01,8,1.2928,moderado,fuerte
M13,1972-09-01,1973-05-01,1973-03-01,9,1.1558,moderado,fuerte
M13,1977-03-01,1978-04-01,1977-10-01,14,0.9239,debil,moderado
M13,1980-05-01,1981-01-01,1980-10-01,9,1.3190,moderado,fuerte
M13,1983-08-01,1984-12-01,1984-06-01,17,1.2748,moderado,fuerte
M13,1985-06-01,1986-02-01,1985-12-01,9,1.1393,moderado,fuerte
M13,1989-08-01,1990-01-01,1989-11-01,6,1.1105,moderado,fuerte
M13,1992-06-01,1993-02-01,1992-12-01,9,1.3204,moderado,fuerte
M13,2000-05-01,2000-09-01,2000-07-01,5,0.9212,debil,moderado
M13,2000-11-01,2001-03-01,2001-01-01,5,0.7482,debil,moderado
M13,2003-05-01,2004-02-01,2003-11-01,10,1.7901,fuerte,fuerte
M13,2004-04-01,2005-01-01,2004-06-01,10,0.9560,moderado,moderado
M13,2008-08-01,2009-05-01,2009-03-01,10,0.9749,moderado,moderado
M13,2010-04-01,2010-08-01,2010-05-01,5,0.7230,debil,moderado
M14,1909-10-01,1910-09-01,1910-05-01,12,1.0430,moderado,fuerte
M14,1911-04-01,1912-05-01,1911-10-01,14,1.7687,fuerte,fuerte
M14,1916-07-01,1916-12-01,1916-09-01,6,0.9828,moderado,fuerte
M14,1917-02-01,1917-11-01,1917-04-01,10,0.8381,debil,moderado
M14,1923-05-01,1924-06-01,1924-01-01,14,2.0153,muy_fuerte,extremo
M14,1928-03-01,1929-02-01,1928-11-01,12,1.8478,fuerte,extremo
M14,1938-08-01,1939-06-01,1939-02-01,11,1.3511,moderado,fuerte
M14,1943-06-01,1944-01-01,1943-10-01,8,1.5682,fuerte,fuerte
M14,1946-01-01,1946-06-01,1946-03-01,6,0.9553,moderado,fuerte
M14,1948-06-01,1949-03-01,1948-11-01,10,2.1825,muy_fuerte,extremo
M14,1951-02-01,1952-01-01,1951-10-01,12,1.5942,fuerte,fuerte
M14,1955-03-01,1955-11-01,1955-10-01,9,0.9342,debil,fuerte
M14,1956-08-01,1957-02-01,1956-11-01,7,0.9554,moderado,fuerte
M14,1959-09-01,1961-05-01,1960-04-01,21,1.2012,moderado,fuerte
M14,1964-04-01,1966-06-01,1966-03-01,27,1.8015,fuerte,extremo
M14,1972-09-01,1975-01-01,1973-11-01,29,2.3077,muy_fuerte,extremo
M14,1976-08-01,1977-04-01,1977-01-01,9,1.3558,moderado,fuerte
M14,1977-07-01,1978-02-01,1977-10-01,8,1.0360,moderado,fuerte
M14,1980-04-01,1980-12-01,1980-09-01,9,1.0413,moderado,fuerte
M14,1981-08-01,1982-10-01,1982-05-01,15,1.4060,moderado,fuerte
M14,1987-02-01,1987-06-01,1987-04-01,5,0.9617,moderado,fuerte
M14,1991-09-01,1992-05-01,1992-03-01,9,1.4396,moderado,fuerte
M14,1997-03-01,1998-04-01,1997-08-01,14,1.3300,moderado,fuerte
M14,2002-08-01,2003-01-01,2002-10-01,6,0.9878,moderado,fuerte
M14,2007-05-01,2008-01-01,2007-11-01,9,1.0370,moderado,fuerte
M14,2009-03-01,2011-04-01,2010-03-01,26,2.7490,muy_fuerte,extremo
M14,2013-03-01,2013-07-01,2013-05-01,5,0.8849,debil,moderado
M14,2014-02-01,2014-07-01,2014-04-01,6,1.4917,fuerte,fuerte
M15,1902-01-01,1902-06-01,1902-04-01,6,1.2160,moderado,fuerte
M15,1904-01-01,1904-12-01,1904-09-01,12,0.8593,debil,fuerte
M15,1909-10-01,1910-06-01,1910-03-01,9,1.7974,fuerte,extremo
M15,1911-07-01,1912-05-01,1912-01-01,11,1.5586,fuerte,fuerte
M15,1916-12-01,1918-03-01,1917-12-01,16,1.6524,fuerte,extremo
M15,1920-04-01,1920-11-01,1920-09-01,8,0.7239,debil,moderado
M15,1934-03-01,1935-01-01,1934-08-01,11,0.7243,debil,moderado
M15,1937-04-01,1937-10-01,1937-09-01,7,0.6261,debil,moderado
M15,1940-05-01,1941-01-01,1940-09-01,9,0.8033,debil,moderado
M15,1947-03-01,1947-08-01,1947-05-01,6,0.7833,debil,moderado
M15,1948-10-01,1949-04-01,1949-02-01,7,0.7838,debil,moderado
M15,1949-08-01,1950-01-01,1949-11-01,6,1.1527,moderado,fuerte
M15,1951-04-01,1952-07-01,1951-11-01,16,1.7214,fuerte,extremo
M15,1956-09-01,1957-01-01,1956-12-01,5,0.7098,debil,moderado
M15,1958-08-01,1959-03-01,1958-10-01,8,1.2186,moderado,fuerte
M15,1962-05-01,1963-06-01,1963-03-01,14,1.5062,fuerte,fuerte
M15,1967-08-01,1969-02-01,1968-10-01,19,1.2107,moderado,fuerte
M15,1971-12-01,1972-06-01,1972-03-01,7,1.3556,moderado,fuerte
M15,1975-02-01,1975-07-01,1975-04-01,6,1.5949,fuerte,fuerte
M15,1979-10-01,1981-01-01,1980-03-01,16,1.5345,fuerte,fuerte
M15,1981-09-01,1982-03-01,1982-01-01,7,1.2175,moderado,fuerte
M15,1983-08-01,1984-01-01,1983-10-01,6,0.9604,moderado,fuerte
M15,1988-08-01,1989-04-01,1988-11-01,9,0.7622,debil,moderado
M15,1990-08-01,1991-08-01,1991-03-01,13,1.8423,fuerte,extremo
M15,1993-09-01,1994-01-01,1993-11-01,5,0.7652,debil,moderado
M15,1997-08-01,1999-05-01,1997-11-01,22,1.0264,moderado,fuerte
M15,2000-11-01,2001-11-01,2001-04-01,13,1.9994,muy_fuerte,extremo
M15,2006-03-01,2006-09-01,2006-06-01,7,0.8092,debil,moderado
M15,2009-11-01,2010-07-01,2010-03-01,9,1.2675,moderado,fuerte
M15,2014-03-01,2014-07-01,2014-05-01,5,0.9198,debil,fuerte
M16,1903-04-01,1904-02-01,1903-10-01,11,1.1987,moderado,fuerte
M16,1907-07-01,1908-02-01,1907-12-01,8,1.1416,moderado,fuerte
M16,1910-07-01,1910-11-01,1910-09-01,5,0.6754,debil,moderado
M16,1911-02-01,1911-06-01,1911-04-01,5,0.8225,debil,moderado
M16,1914-05-01,1915-05-01,1914-11-01,13,1.6241,fuerte,fuerte
M16,1917-02-01,1918-06-01,1917-04-01,17,1.2761,moderado,fuerte
M16,1923-03-01,1923-07-01,1923-04-01,5,0.8407,debil,moderado
M16,1928-03-01,1928-08-01,1928-07-01,6,0.6693,debil,moderado
M16,1934-11-01,1935-04-01,1935-03-01,6,1.0580,moderado,fuerte
M16,1937-04-01,1938-02-01,1937-09-01,11,1.2834,moderado,fuerte
M16,1938-06-01,1938-12-01,1938-06-01,7,0.6054,debil,moderado
M16,1947-04-01,1948-09-01,1948-05-01,18,1.7859,fuerte,extremo
M16,1958-08-01,1959-05-01,1959-02-01,10,0.8544,debil,moderado
M16,1961-03-01,1962-02-01,1961-10-01,12,1.6441,fuerte,fuerte
M16,1964-07-01,1965-02-01,1964-11-01,8,0.8840,debil,fuerte
M16,1968-09-01,1969-03-01,1968-10-01,7,0.8555,debil,moderado
M16,1970-05-01,1971-01-01,1970-09-01,9,1.0454,moderado,fuerte
M16,1973-09-01,1974-07-01,1974-03-01,11,1.9627,muy_fuerte,extremo
M16,1981-11-01,1982-08-01,1982-02-01,10,0.7868,debil,moderado
M16,1984-09-01,1985-11-01,1985-03-01,15,1.6637,fuerte,fuerte
M16,1988-08-01,1990-04-01,1989-12-01,21,2.5364,muy_fuerte,extremo
M16,1995-07-01,1996-10-01,1996-03-01,16,2.0751,muy_fuerte,extremo
M16,1999-03-01,1999-08-01,1999-04-01,6,0.9107,debil,fuerte
M16,2000-06-01,2002-02-01,2001-01-01,21,2.6435,muy_fuerte,extremo
M16,2007-06-01,2008-06-01,2008-03-01,13,1.6321,fuerte,fuerte
M16,2011-04-01,2012-04-01,2012-02-01,13,1.3019,moderado,fuerte
M16,2014-03-01,2014-11-01,2014-05-01,9,1.2222,moderado,fuerte
M17,1906-07-01,1907-06-01,1907-02-01,12,1.7568,fuerte,extremo
M17,1913-08-01,1913-12-01,1913-10-01,5,0.8811,debil,fuerte
M17,1919-09-01,1920-06-01,1920-02-01,10,1.2235,moderado,fuerte
M17,1924-01-01,1925-01-01,1924-11-01,13,0.8404,debil,fuerte
M17,1935-02-01,1935-08-01,1935-04-01,7,0.8895,debil,fuerte
M17,1944-07-01,1945-02-01,1944-12-01,8,0.9303,debil,fuerte
M17,1952-10-01,1954-04-01,1954-01-01,19,2.3095,muy_fuerte,extremo
M17,1956-12-01,1958-03-01,1957-06-01,16,1.3074,moderado,fuerte
M17,1960-09-01,1961-02-01,1961-01-01,6,0.9695,moderado,fuerte
M17,1963-12-01,1965-04-01,1964-11-01,17,1.6478,fuerte,extremo
M17,1973-08-01,1974-04-01,1974-01-01,9,2.2353,muy_fuerte,extremo
M17,1976-08-01,1978-01-01,1977-02-01,18,1.6900,fuerte,extremo
M17,1981-09-01,1982-05-01,1982-02-01,9,1.2518,moderado,fuerte
M17,1984-10-01,1985-03-01,1985-01-01,6,0.7628,debil,moderado
M17,1986-08-01,1987-08-01,1987-01-01,13,1.6760,fuerte,extremo
M17,1989-08-01,1991-05-01,1991-01-01,22,2.0442,muy_fuerte,extremo
M17,1992-09-01,1993-10-01,1993-06-01,14,1.7989,fuerte,extremo
M17,1997-12-01,1998-09-01,1998-02-01,10,1.0395,moderado,fuerte
M17,2007-09-01,2008-02-01,2008-01-01,6,1.1637,moderado,fuerte
M17,2008-10-01,2009-06-01,2009-04-01,9,1.0365,moderado,fuerte
M17,2011-08-01,2012-06-01,2012-02-01,11,1.7458,fuerte,extremo
M18,1905-09-01,1906-07-01,1905-12-01,11,1.0163,moderado,fuerte
M18,1911-04-01,1913-04-01,1912-12-01,25,2.4663,muy_fuerte,extremo
M18,1917-08-01,1918-03-01,1917-11-01,8,1.2649,moderado,fuerte
M18,1925-06-01,1926-06-01,1926-02-01,13,2.3535,muy_fuerte,extremo
M18,1927-08-01,1928-06-01,1928-01-01,11,1.6050,fuerte,fuerte
M18,1937-08-01,1938-02-01,1937-11-01,7,1.1457,moderado,fuerte
M18,1938-06-01,1939-03-01,1938-12-01,10,1.0179,moderado,fuerte
M18,1939-08-01,1940-10-01,1940-05-01,15,2.4064,muy_fuerte,extremo
M18,1942-07-01,1943-05-01,1942-12-01,11,2.1624,muy_fuerte,extremo
M18,1947-09-01,1948-01-01,1947-11-01,5,0.8224,debil,moderado
M18,1948-08-01,1950-03-01,1949-11-01,20,1.2063,moderado,fuerte
M18,1956-09-01,1957-02-01,1956-12-01,6,0.8190,debil,moderado
M18,1957-05-01,1958-04-01,1958-01-01,12,1.6762,fuerte,extremo
M18,1961-07-01,1962-02-01,1961-12-01,8,1.0039,moderado,fuerte
M18,1969-07-01,1970-06-01,1970-01-01,12,1.9755,muy_fuerte,extremo
M18,1972-10-01,1973-04-01,1973-02-01,7,1.0572,moderado,fuerte
M18,1975-09-01,1977-05-01,1976-12-01,21,2.3699,muy_fuerte,extremo
M18,1980-05-01,1981-07-01,1981-01-01,15,2.6037,muy_fuerte,extremo
M18,1983-09-01,1984-02-01,1983-12-01,6,0.9177,debil,fuerte
M18,1990-07-01,1991-06-01,1990-12-01,12,2.5138,muy_fuerte,extremo
M18,1995-08-01,1995-12-01,1995-09-01,5,0.6015,debil,moderado
M18,1996-12-01,1998-05-01,1998-01-01,18,1.9872,muy_fuerte,extremo
M18,2000-10-01,2002-02-01,2001-12-01,17,1.1845,moderado,fuerte
M18,2003-08-01,2004-04-01,2003-12-01,9,0.9483,debil,fuerte
M18,2006-08-01,2007-07-01,2007-01-01,12,1.4744,fuerte,fuerte
M18,2011-09-01,2012-04-01,2012-01-01,8,1.5227,fuerte,fuerte
M19,1902-07-01,1904-02-01,1902-11-01,20,1.6302,fuerte,extremo
M19,1907-09-01,1908-08-01,1908-06-01,12,0.7972,debil,moderado
M19,1912-11-01,1913-03-01,1913-02-01,5,0.7681,debil,moderado
M19,1926-09-01,1928-01-01,1927-10-01,17,1.1265,moderado,fuerte
M19,1931-07-01,1932-05-01,1931-11-01,11,1.2439,moderado,fuerte
M19,1934-08-01,1935-04-01,1934-11-01,9,1.0807,moderado,fuerte
M19,1936-05-01,1937-05-01,1937-01-01,13,2.5432,muy_fuerte,extremo
M19,1941-05-01,1942-03-01,1942-01-01,11,1.5433,fuerte,fuerte
M19,1943-05-01,1944-05-01,1943-12-01,13,2.1374,muy_fuerte,extremo
M19,1948-08-01,1949-03-01,1949-02-01,8,0.7624,debil,moderado
M19,1951-04-01,1951-08-01,1951-06-01,5,0.7164,debil,moderado
M19,1953-09-01,1954-01-01,1953-11-01,5,0.8017,debil,moderado
M19,1954-07-01,1955-05-01,1955-01-01,11,2.1831,muy_fuerte,extremo
M19,1957-08-01,1958-03-01,1957-10-01,8,1.0806,moderado,fuerte
M19,1959-10-01,1961-04-01,1961-01-01,19,1.5864,fuerte,extremo
M19,1963-08-01,1964-07-01,1964-01-01,12,1.3277,moderado,fuerte
M19,1969-08-01,1970-06-01,1969-11-01,11,1.0923,moderado,fuerte
M19,1976-06-01,1977-05-01,1976-12-01,12,1.9313,fuerte,extremo
M19,1981-07-01,1982-05-01,1981-12-01,11,2.2463,muy_fuerte,extremo
M19,1985-08-01,1986-02-01,1985-12-01,7,0.9538,moderado,fuerte
M19,1987-09-01,1988-01-01,1987-11-01,5,0.9270,debil,fuerte
M19,1989-10-01,1990-03-01,1989-12-01,6,0.6829,debil,moderado
M19,1993-04-01,1994-05-01,1993-12-01,14,2.7472,muy_fuerte,extremo
M19,1999-07-01,2000-05-01,1999-12-01,11,2.0662,muy_fuerte,extremo
M19,2002-08-01,2003-02-01,2002-12-01,7,1.0572,moderado,fuerte
M19,2006-07-01,2007-04-01,2006-12-01,10,1.9085,fuerte,extremo
M19,2009-11-01,2010-04-01,2010-02-01,6,0.9275,debil,fuerte
M20,1900-04-01,1901-08-01,1901-02-01,17,2.3942,muy_fuerte,fuerte
M20,1903-10-01,1904-12-01,1904-07-01,15,1.4595,fuerte,moderado
M20,1908-11-01,1910-03-01,1909-10-01,17,2.3700,muy_fuerte,fuerte
M20,1912-02-01,1912-11-01,1912-07-01,10,1.2891,moderado,moderado
M20,1916-12-01,1918-02-01,1917-08-01,15,1.3202,moderado,moderado
M20,1918-04-01,1919-04-01,1918-12-01,13,2.0030,muy_fuerte,fuerte
M20,1922-05-01,1923-05-01,1923-02-01,13,1.6422,fuerte,fuerte
M20,1925-04-01,1926-05-01,1925-10-01,14,2.7213,muy_fuerte,fuerte
M20,1928-07-01,1929-05-01,1929-01-01,11,1.9616,muy_fuerte,fuerte
M20,1931-12-01,1933-09-01,1933-04-01,22,1.8598,fuerte,fuerte
M20,1936-01-01,1937-04-01,1936-10-01,16,2.3575,muy_fuerte,fuerte
M20,1939-04-01,1940-05-01,1939-10-01,14,2.7533,muy_fuerte,fuerte
M20,1942-07-01,1943-06-01,1943-01-01,12,2.4651,muy_fuerte,fuerte
M20,1945-07-01,1947-03-01,1946-09-01,21,2.3310,muy_fuerte,fuerte
M20,1949-03-01,1950-04-01,1949-12-01,14,2.5099,muy_fuerte,fuerte
M20,1951-12-01,1953-06-01,1953-01-01,19,2.2175,muy_fuerte,fuerte
M20,1955-07-01,1956-08-01,1956-01-01,14,2.0169,muy_fuerte,fuerte
M20,1958-08-01,1959-09-01,1959-07-01,14,1.4900,fuerte,moderado
M20,1961-05-01,1962-06-01,1961-11-01,14,2.4709,muy_fuerte,fuerte
M20,1964-06-01,1965-06-01,1965-01-01,13,2.7895,muy_fuerte,fuerte
M20,1967-07-01,1968-05-01,1967-11-01,11,2.1531,muy_fuerte,fuerte
M20,1970-02-01,1971-05-01,1970-10-01,16,2.0304,muy_fuerte,fuerte
M20,1973-05-01,1975-02-01,1974-10-01,22,1.8592,fuerte,fuerte
M20,1977-01-01,1977-09-01,1977-04-01,9,1.1130,moderado,moderado
M20,1980-01-01,1981-03-01,1980-10-01,15,2.4646,muy_fuerte,fuerte
M20,1982-09-01,1984-04-01,1984-01-01,20,2.3402,muy_fuerte,fuerte
M20,1986-02-01,1987-07-01,1986-09-01,18,1.8786,fuerte,fuerte
M20,1989-06-01,1990-06-01,1989-12-01,13,2.5131,muy_fuerte,fuerte
M20,1992-06-01,1994-06-01,1993-02-01,25,1.8278,fuerte,fuerte
M20,1996-06-01,1997-03-01,1996-09-01,10,1.0635,moderado,moderado
M20,1998-10-01,1999-04-01,1999-01-01,7,1.2390,moderado,moderado
M20,2001-07-01,2002-05-01,2002-01-01,11,2.2275,muy_fuerte,fuerte
M20,2004-03-01,2005-04-01,2004-10-01,14,2.7706,muy_fuerte,fuerte
M20,2007-03-01,2008-05-01,2007-10-01,15,2.7441,muy_fuerte,fuerte
M20,2010-08-01,2011-11-01,2011-01-01,16,1.8845,fuerte,fuerte
M20,2013-06-01,2014-04-01,2013-11-01,11,2.4334,muy_fuerte,fuerte
M21,1903-08-01,1903-12-01,1903-10-01,5,0.8153,debil,moderado
M21,1907-07-01,1908-04-01,1907-08-01,10,0.8726,debil,moderado
M21,1910-12-01,1911-05-01,1911-01-01,6,0.6756,debil,moderado
M21,1914-12-01,1916-02-01,1915-11-01,15,1.1769,moderado,fuerte
M21,1918-02-01,1919-01-01,1918-09-01,12,1.4666,fuerte,fuerte
M21,1923-10-01,1924-02-01,1923-11-01,5,0.7444,debil,moderado
M21,1924-06-01,1925-02-01,1924-12-01,9,0.9763,moderado,moderado
M21,1926-10-01,1928-02-01,1927-11-01,17,1.1651,moderado,fuerte
M21,1930-04-01,1931-03-01,1930-11-01,12,1.9586,muy_fuerte,extremo
M21,1933-08-01,1933-12-01,1933-11-01,5,0.8502,debil,moderado
M21,1935-08-01,1936-03-01,1935-11-01,8,1.3467,moderado,fuerte
M21,1941-07-01,1942-02-01,1941-11-01,8,1.1513,moderado,fuerte
M21,1943-09-01,1944-03-01,1944-01-01,7,1.0406,moderado,fuerte
M21,1949-10-01,1950-03-01,1949-12-01,6,1.0926,moderado,fuerte
M21,1953-09-01,1954-06-01,1953-12-01,10,1.1834,moderado,fuerte
M21,1956-04-01,1957-03-01,1956-12-01,12,1.6429,fuerte,fuerte
M21,1958-09-01,1959-04-01,1958-12-01,8,0.9647,moderado,moderado
M21,1962-07-01,1963-01-01,1962-10-01,7,0.9657,moderado,moderado
M21,1964-08-01,1966-03-01,1965-12-01,20,2.0671,muy_fuerte,extremo
M21,1968-06-01,1969-02-01,1968-12-01,9,1.4775,fuerte,fuerte
M21,1971-07-01,1972-01-01,1971-11-01,7,1.1292,moderado,fuerte
M21,1973-10-01,1974-05-01,1974-03-01,8,0.9082,debil,moderado
M21,1976-01-01,1976-05-01,1976-03-01,5,0.6860,debil,moderado
M21,1979-12-01,1980-06-01,1980-04-01,7,0.6734,debil,moderado
M21,1984-09-01,1985-04-01,1985-01-01,8,1.6210,fuerte,fuerte
M21,1987-02-01,1988-04-01,1987-10-01,15,2.3293,muy_fuerte,extremo
M21,1990-08-01,1991-02-01,1990-11-01,7,1.2603,moderado,fuerte
M21,1993-07-01,1994-04-01,1993-12-01,10,1.2308,moderado,fuerte
M21,1996-07-01,1997-04-01,1996-12-01,10,1.7474,fuerte,fuerte
M21,1999-08-01,2000-03-01,1999-10-01,8,1.2106,moderado,fuerte
M21,2001-11-01,2002-08-01,2002-01-01,10,0.6882,debil,moderado
M21,2002-12-01,2005-03-01,2004-12-01,28,1.2559,moderado,fuerte
M21,2006-08-01,2007-01-01,2006-11-01,6,1.1688,moderado,fuerte
M21,2008-08-01,2009-04-01,2008-12-01,9,1.7453,fuerte,fuerte
M21,2011-05-01,2012-04-01,2011-11-01,12,1.9924,muy_fuerte,extremo
M21,2013-11-01,2014-09-01,2014-07-01,11,0.9966,moderado,fuerte
M22,1900-02-01,1900-06-01,1900-04-01,5,1.0049,moderado,moderado
M22,1903-07-01,1905-03-01,1904-10-01,21,1.8415,fuerte,fuerte
M22,1909-08-01,1909-12-01,1909-09-01,5,0.6380,debil,moderado
M22,1910-03-01,1911-03-01,1910-11-01,13,1.7474,fuerte,fuerte
M22,1914-03-01,1915-02-01,1914-11-01,12,1.7516,fuerte,fuerte
M22,1918-08-01,1920-03-01,1919-11-01,20,1.5105,fuerte,fuerte
M22,1922-07-01,1923-01-01,1922-10-01,7,1.3883,moderado,fuerte
M22,1923-06-01,1923-12-01,1923-09-01,7,1.2251,moderado,fuerte
M22,1927-06-01,1928-04-01,1927-11-01,11,2.1024,muy_fuerte,extremo
M22,1931-03-01,1933-03-01,1931-11-01,25,1.4880,fuerte,fuerte
M22,1939-03-01,1940-05-01,1939-11-01,15,2.2465,muy_fuerte,extremo
M22,1942-07-01,1943-02-01,1942-10-01,8,1.3868,moderado,fuerte
M22,1943-07-01,1944-03-01,1943-11-01,9,1.9189,fuerte,fuerte
M22,1946-08-01,1947-06-01,1946-12-01,11,1.1864,moderado,fuerte
M22,1949-03-01,1949-12-01,1949-05-01,10,0.9292,debil,moderado
M22,1952-04-01,1953-06-01,1952-11-01,15,1.3345,moderado,fuerte
M22,1958-04-01,1959-05-01,1959-03-01,14,2.0975,muy_fuerte,extremo
M22,1962-07-01,1963-04-01,1962-12-01,10,1.8505,fuerte,fuerte
M22,1965-08-01,1966-03-01,1966-01-01,8,0.9903,moderado,moderado
M22,1966-07-01,1967-02-01,1966-09-01,8,0.7843,debil,moderado
M22,1967-06-01,1968-02-01,1967-10-01,9,1.7310,fuerte,fuerte
M22,1971-08-01,1972-04-01,1971-10-01,9,1.1434,moderado,fuerte
M22,1972-11-01,1973-03-01,1972-12-01,5,0.8676,debil,moderado
M22,1976-04-01,1977-04-01,1976-07-01,13,1.2914,moderado,fuerte
M22,1981-04-01,1982-05-01,1981-11-01,14,3.1872,muy_fuerte,extremo
M22,1989-08-01,1990-07-01,1989-11-01,12,2.1728,muy_fuerte,extremo
M22,1990-12-01,1991-05-01,1991-01-01,6,0.9527,moderado,moderado
M22,1993-07-01,1994-03-01,1994-02-01,9,1.0626,moderado,fuerte
M22,1999-08-01,2000-04-01,2000-01-01,9,1.4369,moderado,fuerte
M22,2000-12-01,2002-04-01,2001-05-01,17,1.4251,moderado,fuerte
M22,2003-08-01,2004-02-01,2003-10-01,7,1.2683,moderado,fuerte
M22,2008-05-01,2009-02-01,2008-11-01,10,1.3030,moderado,fuerte
M22,2009-05-01,2010-01-01,2009-10-01,9,1.1902,moderado,fuerte
M22,2012-02-01,2013-04-01,2012-12-01,15,2.7039,muy_fuerte,extremo
M23,1902-02-01,1903-11-01,1902-09-01,22,2.7567,muy_fuerte,fuerte
M23,1904-04-01,1905-07-01,1905-02-01,16,1.9121,fuerte,fuerte
M23,1908-07-01,1910-07-01,1910-02-01,25,1.9604,muy_fuerte,fuerte
M23,1913-04-01,1914-10-01,1913-08-01,19,2.0131,muy_fuerte,fuerte
M23,1917-05-01,1918-08-01,1918-02-01,16,1.7054,fuerte,fuerte
M23,1920-12-01,1923-06-01,1923-02-01,31,1.7869,fuerte,fuerte
M23,1926-01-01,1927-05-01,1926-09-01,17,2.5522,muy_fuerte,fuerte
M23,1931-01-01,1932-07-01,1931-09-01,19,3.0065,muy_fuerte,extremo
M23,1935-02-01,1936-07-01,1935-09-01,18,2.9044,muy_fuerte,extremo
M23,1939-01-01,1940-04-01,1939-08-01,16,2.9099,muy_fuerte,extremo
M23,1942-07-01,1944-06-01,1943-03-01,24,2.1986,muy_fuerte,fuerte
M23,1947-01-01,1949-03-01,1948-01-01,27,1.8981,fuerte,fuerte
M23,1952-01-01,1953-05-01,1952-09-01,17,2.7868,muy_fuerte,fuerte
M23,1956-06-01,1957-10-01,1956-09-01,17,1.5831,fuerte,fuerte
M23,1960-03-01,1962-06-01,1960-08-01,28,3.1975,muy_fuerte,extremo
M23,1964-08-01,1966-05-01,1965-09-01,22,2.5061,muy_fuerte,fuerte
M23,1969-06-01,1970-09-01,1969-09-01,16,2.0547,muy_fuerte,fuerte
M23,1971-12-01,1975-05-01,1974-08-01,42,2.3277,muy_fuerte,fuerte
M23,1978-07-01,1980-03-01,1979-01-01,21,1.4820,fuerte,fuerte
M23,1982-12-01,1984-06-01,1983-09-01,19,2.2814,muy_fuerte,fuerte
M23,1987-06-01,1989-11-01,1989-03-01,30,1.6114,fuerte,fuerte
M23,1993-02-01,1994-09-01,1993-09-01,20,2.9809,muy_fuerte,extremo
M23,1998-01-01,1999-05-01,1998-09-01,17,2.6449,muy_fuerte,fuerte
M23,2002-01-01,2003-06-01,2002-07-01,18,1.3928,moderado,moderado
M23,2006-04-01,2010-06-01,2006-09-01,51,2.4805,muy_fuerte,fuerte
M23,2011-12-01,2013-05-01,2012-09-01,18,2.3802,muy_fuerte,fuerte
M24,1903-04-01,1904-05-01,1903-10-01,14,2.6633,muy_fuerte,extremo
M24,1907-12-01,1909-08-01,1908-09-01,21,2.9390,muy_fuerte,extremo
M24,1913-05-01,1914-06-01,1914-01-01,14,2.0906,muy_fuerte,fuerte
M24,1916-07-01,1917-10-01,1917-06-01,16,1.7756,fuerte,fuerte
M24,1919-10-01,1920-03-01,1920-02-01,6,0.8425,debil,moderado
M24,1923-04-01,1924-11-01,1924-07-01,20,2.2622,muy_fuerte,fuerte
M24,1928-03-01,1929-05-01,1929-01-01,15,1.9875,muy_fuerte,fuerte
M24,1933-01-01,1934-06-01,1933-09-01,18,2.9803,muy_fuerte,extremo
M24,1943-08-01,1943-12-01,1943-09-01,5,1.0911,moderado,moderado
M24,1948-05-01,1949-05-01,1949-01-01,13,1.5279,fuerte,fuerte
M24,1952-08-01,1954-01-01,1953-08-01,18,2.2994,muy_fuerte,fuerte
M24,1958-01-01,1959-06-01,1958-09-01,18,2.9371,muy_fuerte,extremo
M24,1963-06-01,1964-08-01,1964-06-01,15,1.1947,moderado,fuerte
M24,1970-05-01,1971-03-01,1970-08-01,11,1.5447,fuerte,fuerte
M24,1973-12-01,1974-04-01,1974-02-01,5,0.8804,debil,moderado
M24,1979-05-01,1980-03-01,1979-09-01,11,1.7032,fuerte,fuerte
M24,1981-05-01,1982-07-01,1981-12-01,15,2.1758,muy_fuerte,fuerte
M24,1987-03-01,1987-07-01,1987-06-01,5,0.9177,debil,moderado
M24,1987-12-01,1988-04-01,1988-02-01,5,1.0162,moderado,moderado
M24,1991-07-01,1993-02-01,1992-08-01,20,2.4277,muy_fuerte,extremo
M24,1996-08-01,1998-05-01,1997-09-01,22,2.5449,muy_fuerte,extremo
M24,2001-05-01,2002-06-01,2001-07-01,14,1.3336,moderado,fuerte
M24,2004-08-01,2006-12-01,2005-09-01,29,2.4616,muy_fuerte,extremo
M24,2009-07-01,2011-07-01,2010-09-01,25,3.1123,muy_fuerte,extremo
M25,1904-06-01,1906-07-01,1906-03-01,26,2.1940,muy_fuerte,fuerte
M25,1912-07-01,1913-09-01,1913-05-01,15,2.4422,muy_fuerte,fuerte
M25,1915-09-01,1916-11-01,1916-01-01,15,0.9747,moderado,moderado
M25,1919-02-01,1920-06-01,1919-09-01,17,4.5541,muy_fuerte,extremo
M25,1923-05-01,1925-11-01,1924-09-01,31,3.8144,muy_fuerte,extremo
M25,1931-04-01,1932-04-01,1932-01-01,13,2.1942,muy_fuerte,fuerte
M25,1934-05-01,1935-08-01,1935-01-01,16,2.4150,muy_fuerte,fuerte
M25,1938-06-01,1939-06-01,1939-01-01,13,1.9807,muy_fuerte,fuerte
M25,1943-03-01,1943-07-01,1943-06-01,5,0.8362,debil,moderado
M25,1948-08-01,1949-01-01,1948-10-01,6,0.9617,moderado,moderado
M25,1952-08-01,1954-07-01,1953-08-01,24,2.6703,muy_fuerte,fuerte
M25,1957-08-01,1958-07-01,1958-01-01,12,1.9232,fuerte,fuerte
M25,1963-05-01,1965-02-01,1964-08-01,22,3.6164,muy_fuerte,extremo
M25,1968-05-01,1969-06-01,1968-08-01,14,1.5231,fuerte,fuerte
M25,1972-04-01,1973-07-01,1972-11-01,16,3.0258,muy_fuerte,extremo
M25,1977-07-01,1979-10-01,1979-01-01,28,2.6028,muy_fuerte,fuerte
M25,1985-07-01,1987-02-01,1986-06-01,20,2.7321,muy_fuerte,fuerte
M25,1989-06-01,1991-06-01,1991-02-01,25,1.8868,fuerte,fuerte
M25,1995-04-01,1996-05-01,1995-09-01,14,2.4625,muy_fuerte,fuerte
M25,2000-01-01,2001-09-01,2000-11-01,21,2.1820,muy_fuerte,fuerte
M25,2005-09-01,2006-03-01,2005-12-01,7,1.1428,moderado,moderado
M25,2008-07-01,2010-03-01,2009-08-01,21,1.8603,fuerte,fuerte
M25,2013-07-01,2014-11-01,2014-08-01,17,2.5314,muy_fuerte,fuerte
M26,1901-08-01,1902-05-01,1901-11-01,10,1.4511,fuerte,fuerte
M26,1902-10-01,1903-02-01,1902-12-01,5,1.0876,moderado,fuerte
M26,1904-11-01,1905-04-01,1904-12-01,6,0.8510,debil,moderado
M26,1906-02-01,1906-06-01,1906-03-01,5,0.7180,debil,moderado
M26,1909-07-01,1910-05-01,1909-12-01,11,1.4478,moderado,fuerte
M26,1911-08-01,1912-07-01,1912-01-01,12,0.9966,moderado,fuerte
M26,1912-11-01,1913-05-01,1913-01-01,7,0.8295,debil,moderado
M26,1913-12-01,1914-04-01,1914-03-01,5,1.0008,moderado,fuerte
M26,1919-07-01,1920-03-01,1919-11-01,9,1.7245,fuerte,extremo
M26,1923-08-01,1924-05-01,1923-12-01,10,1.1968,moderado,fuerte
M26,1927-10-01,1928-04-01,1928-01-01,7,0.8737,debil,fuerte
M26,1931-06-01,1932-03-01,1931-10-01,10,2.1696,muy_fuerte,extremo
M26,1933-10-01,1934-07-01,1933-12-01,10,1.1869,moderado,fuerte
M26,1937-11-01,1938-03-01,1938-01-01,5,0.9476,debil,fuerte
M26,1939-06-01,1939-12-01,1939-07-01,7,1.0967,moderado,fuerte
M26,1940-08-01,1941-05-01,1940-12-01,10,1.6549,fuerte,fuerte
M26,1943-07-01,1944-03-01,1943-11-01,9,1.4985,fuerte,fuerte
M26,1944-06-01,1945-05-01,1944-10-01,12,1.2893,moderado,fuerte
M26,1947-12-01,1949-08-01,1948-11-01,21,1.6303,fuerte,fuerte
M26,1954-04-01,1955-03-01,1954-11-01,12,1.2989,moderado,fuerte
M26,1957-04-01,1958-04-01,1957-10-01,13,1.6963,fuerte,extremo
M26,1960-06-01,1960-12-01,1960-11-01,7,0.9099,debil,fuerte
M26,1961-06-01,1961-11-01,1961-09-01,6,0.9083,debil,fuerte
M26,1962-08-01,1963-04-01,1963-01-01,9,1.5948,fuerte,fuerte
M26,1964-10-01,1965-04-01,1965-03-01,7,1.1118,moderado,fuerte
M26,1968-06-01,1968-12-01,1968-08-01,7,0.7099,debil,moderado
M26,1971-06-01,1972-04-01,1972-02-01,11,0.8324,debil,moderado
M26,1975-09-01,1976-05-01,1975-12-01,9,1.3189,moderado,fuerte
M26,1978-09-01,1979-02-01,1978-11-01,6,1.5060,fuerte,fuerte
M26,1980-10-01,1981-05-01,1981-01-01,8,1.0109,moderado,fuerte
M26,1983-06-01,1984-01-01,1983-09-01,8,1.0735,moderado,fuerte
M26,1986-07-01,1987-05-01,1986-11-01,11,1.6005,fuerte,fuerte
M26,1987-10-01,1988-02-01,1987-11-01,5,1.3423,moderado,fuerte
M26,1990-10-01,1991-03-01,1990-12-01,6,1.5732,fuerte,fuerte
M26,1992-08-01,1993-02-01,1992-12-01,7,1.1932,moderado,fuerte
M26,1999-09-01,2000-08-01,1999-12-01,12,1.5688,fuerte,fuerte
M26,2002-12-01,2003-07-01,2003-03-01,8,1.1937,moderado,fuerte
M26,2004-07-01,2005-06-01,2004-11-01,12,0.8955,debil,fuerte
M26,2006-08-01,2007-04-01,2006-11-01,9,1.6230,fuerte,fuerte
M26,2010-09-01,2012-05-01,2011-12-01,21,1.5350,fuerte,fuerte
M27,1904-05-01,1905-05-01,1904-09-01,13,1.2558,moderado,extremo
M27,1907-10-01,1908-02-01,1907-12-01,5,1.1775,moderado,extremo
M27,1908-05-01,1908-09-01,1908-07-01,5,0.8360,debil,fuerte
M27,1922-05-01,1922-09-01,1922-07-01,5,0.7856,debil,fuerte
M27,1930-01-01,1930-07-01,1930-02-01,7,0.8952,debil,fuerte
M27,1942-10-01,1943-02-01,1942-12-01,5,0.7801,debil,fuerte
M27,1952-11-01,1953-03-01,1953-01-01,5,0.6369,debil,fuerte
M27,1959-06-01,1960-02-01,1959-09-01,9,0.9293,debil,extremo
M27,1966-03-01,1969-01-01,1968-02-01,35,1.5367,fuerte,extremo
M27,1979-03-01,1979-10-01,1979-05-01,8,0.6494,debil,fuerte
M27,1984-07-01,1984-12-01,1984-12-01,6,0.6662,debil,fuerte
M27,1990-08-01,1991-02-01,1990-12-01,7,1.2278,moderado,extremo
M27,1999-08-01,2000-01-01,1999-11-01,6,0.6939,debil,fuerte
M27,2009-11-01,2010-07-01,2010-01-01,9,0.9624,moderado,extremo
M28,1928-07-01,1929-03-01,1929-01-01,9,1.3286,moderado,extremo
M28,1934-10-01,1935-04-01,1935-02-01,7,1.1585,moderado,extremo
M28,1940-11-01,1942-03-01,1942-01-01,17,1.2294,moderado,extremo
M28,1946-06-01,1947-02-01,1946-08-01,9,1.4015,moderado,extremo
M28,1955-06-01,1955-12-01,1955-08-01,7,1.1131,moderado,extremo
M28,1969-11-01,1970-03-01,1970-01-01,5,1.2839,moderado,extremo
M28,1979-06-01,1980-02-01,1980-01-01,9,1.0956,moderado,extremo
M28,1983-05-01,1984-01-01,1983-09-01,9,1.7201,fuerte,extremo
M28,1985-11-01,1986-04-01,1986-02-01,6,0.7957,debil,fuerte
M28,1991-01-01,1991-11-01,1991-08-01,11,1.1769,moderado,extremo
M28,2002-06-01,2003-01-01,2002-11-01,8,0.7366,debil,fuerte
M28,2003-06-01,2004-04-01,2004-02-01,11,1.3989,moderado,extremo
M28,2006-05-01,2007-02-01,2006-10-01,10,1.0545,moderado,extremo
M29,1902-08-01,1904-02-01,1903-08-01,19,1.7829,fuerte,fuerte
M29,1907-07-01,1907-12-01,1907-09-01,6,0.8570,debil,moderado
M29,1915-05-01,1916-01-01,1915-09-01,9,2.0045,muy_fuerte,fuerte
M29,1918-02-01,1918-06-01,1918-04-01,5,0.9439,debil,moderado
M29,1920-05-01,1920-12-01,1920-07-01,8,1.0284,moderado,moderado
M29,1924-02-01,1924-10-01,1924-07-01,9,1.4986,fuerte,fuerte
M29,1928-08-01,1930-02-01,1929-10-01,19,1.8777,fuerte,fuerte
M29,1932-06-01,1933-08-01,1932-11-01,15,1.4071,moderado,fuerte
M29,1937-04-01,1938-03-01,1937-11-01,12,1.6002,fuerte,fuerte
M29,1941-05-01,1942-10-01,1941-12-01,18,2.8498,muy_fuerte,extremo
M29,1948-05-01,1948-12-01,1948-09-01,8,1.6396,fuerte,fuerte
M29,1951-05-01,1952-10-01,1951-12-01,18,1.2719,moderado,fuerte
M29,1957-06-01,1958-03-01,1957-11-01,10,2.5943,muy_fuerte,extremo
M29,1961-07-01,1962-05-01,1961-12-01,11,2.4021,muy_fuerte,extremo
M29,1964-06-01,1965-06-01,1964-12-01,13,1.7416,fuerte,fuerte
M29,1966-09-01,1967-03-01,1966-12-01,7,1.3643,moderado,fuerte
M29,1968-04-01,1969-03-01,1968-11-01,12,1.2808,moderado,fuerte
M29,1971-11-01,1973-05-01,1972-09-01,19,1.3309,moderado,fuerte
M29,1975-05-01,1976-05-01,1975-08-01,13,1.3697,moderado,fuerte
M29,1979-06-01,1981-04-01,1980-12-01,23,2.2965,muy_fuerte,extremo
M29,1986-06-01,1987-08-01,1986-12-01,15,1.9103,fuerte,fuerte
M29,1988-03-01,1989-05-01,1988-12-01,15,4.5289,muy_fuerte,extremo
M29,1992-03-01,1992-08-01,1992-07-01,6,0.8602,debil,moderado
M29,1996-03-01,1997-02-01,1996-05-01,12,1.4501,fuerte,fuerte
M29,1999-06-01,2000-07-01,1999-08-01,14,1.5465,fuerte,fuerte
M29,2002-06-01,2002-10-01,2002-09-01,5,0.7977,debil,moderado
M29,2004-11-01,2006-04-01,2005-12-01,18,2.9234,muy_fuerte,extremo
M29,2009-01-01,2010-04-01,2009-12-01,16,4.1295,muy_fuerte,extremo
M29,2012-03-01,2013-02-01,2012-10-01,12,0.8014,debil,moderado
M30,1902-03-01,1903-03-01,1902-09-01,13,1.4423,moderado,extremo
M30,1906-07-01,1907-03-01,1906-10-01,9,1.4363,moderado,extremo
M30,1914-06-01,1915-01-01,1914-09-01,8,1.7719,fuerte,extremo
M30,1916-06-01,1917-04-01,1916-09-01,11,1.1879,moderado,fuerte
M30,1921-08-01,1922-01-01,1921-09-01,6,0.9308,debil,fuerte
M30,1927-06-01,1928-03-01,1927-09-01,10,1.6483,fuerte,extremo
M30,1929-07-01,1930-02-01,1929-10-01,8,0.8481,debil,fuerte
M30,1931-07-01,1932-03-01,1931-12-01,9,1.8342,fuerte,extremo
M30,1934-08-01,1935-02-01,1934-12-01,7,0.6676,debil,moderado
M30,1936-06-01,1937-06-01,1936-12-01,13,1.3632,moderado,fuerte
M30,1940-06-01,1941-03-01,1940-12-01,10,1.4755,fuerte,extremo
M30,1942-07-01,1943-03-01,1942-12-01,9,1.4375,moderado,extremo
M30,1949-07-01,1950-05-01,1950-01-01,11,1.7001,fuerte,extremo
M30,1953-07-01,1954-06-01,1954-02-01,12,1.5737,fuerte,extremo
M30,1958-07-01,1959-02-01,1958-10-01,8,0.9157,debil,fuerte
M30,1959-08-01,1959-12-01,1959-10-01,5,0.7042,debil,moderado
M30,1961-09-01,1962-02-01,1961-12-01,6,1.0535,moderado,fuerte
M30,1963-12-01,1964-04-01,1964-02-01,5,0.8275,debil,fuerte
M30,1964-09-01,1965-01-01,1964-11-01,5,0.7473,debil,fuerte
M30,1968-07-01,1969-02-01,1968-10-01,8,1.2695,moderado,fuerte
M30,1971-06-01,1972-07-01,1971-09-01,14,1.4092,moderado,fuerte
M30,1980-07-01,1980-12-01,1980-11-01,6,0.6990,debil,moderado
M30,1983-07-01,1984-03-01,1983-12-01,9,1.7196,fuerte,extremo
M30,1987-05-01,1988-03-01,1987-11-01,11,2.4547,muy_fuerte,extremo
M30,1989-10-01,1990-04-01,1990-01-01,7,0.7447,debil,fuerte
M30,2002-03-01,2003-05-01,2003-01-01,15,1.6525,fuerte,extremo
M30,2014-04-01,2014-09-01,2014-08-01,6,0.7880,debil,fuerte
M31,1904-02-01,1905-01-01,1904-09-01,12,1.4319,moderado,fuerte
M31,1914-04-01,1915-05-01,1914-12-01,14,1.4522,fuerte,fuerte
M31,1917-02-01,1918-01-01,1917-11-01,12,2.3565,muy_fuerte,extremo
M31,1931-06-01,1931-11-01,1931-08-01,6,1.2847,moderado,fuerte
M31,1933-01-01,1933-06-01,1933-02-01,6,0.9477,debil,fuerte
M31,1937-01-01,1937-05-01,1937-03-01,5,1.3143,moderado,fuerte
M31,1944-05-01,1944-12-01,1944-08-01,8,2.1893,muy_fuerte,extremo
M31,1951-07-01,1952-02-01,1951-12-01,8,0.9257,debil,fuerte
M31,1953-05-01,1954-07-01,1953-08-01,15,1.8467,fuerte,extremo
M31,1965-05-01,1967-03-01,1966-11-01,23,2.2975,muy_fuerte,extremo
M31,1970-09-01,1971-01-01,1970-11-01,5,1.1153,moderado,fuerte
M31,1971-05-01,1972-02-01,1971-11-01,10,2.1808,muy_fuerte,extremo
M31,1975-05-01,1977-03-01,1976-11-01,23,1.8388,fuerte,extremo
M31,1983-03-01,1984-03-01,1983-11-01,13,2.2532,muy_fuerte,extremo
M31,1984-06-01,1985-01-01,1984-10-01,8,2.0292,muy_fuerte,extremo
M31,1992-04-01,1993-10-01,1992-08-01,19,2.4532,muy_fuerte,extremo
M31,1997-01-01,1997-07-01,1997-05-01,7,0.8751,debil,fuerte
M31,1999-05-01,2000-01-01,1999-10-01,9,2.9200,muy_fuerte,extremo
M31,2000-04-01,2000-08-01,2000-06-01,5,1.0692,moderado,fuerte
M31,2004-04-01,2005-01-01,2004-10-01,10,1.5269,fuerte,fuerte
M31,2012-06-01,2013-02-01,2012-08-01,9,1.6157,fuerte,fuerte
M31,2013-07-01,2014-01-01,2013-11-01,7,1.8002,fuerte,extremo
M31,2014-04-01,2014-11-01,2014-10-01,8,2.6816,muy_fuerte,extremo
M32,1901-04-01,1902-05-01,1901-12-01,14,3.1897,muy_fuerte,extremo
M32,1907-04-01,1908-01-01,1907-08-01,10,1.4807,fuerte,moderado
M32,1910-12-01,1912-05-01,1911-12-01,18,3.1850,muy_fuerte,extremo
M32,1915-05-01,1917-05-01,1915-12-01,25,2.8424,muy_fuerte,fuerte
M32,1920-08-01,1922-04-01,1921-12-01,21,2.6403,muy_fuerte,fuerte
M32,1926-08-01,1928-09-01,1927-07-01,26,1.3775,moderado,moderado
M32,1935-03-01,1935-09-01,1935-05-01,7,0.9795,moderado,moderado
M32,1938-10-01,1941-05-01,1940-10-01,32,2.6899,muy_fuerte,fuerte
M32,1944-02-01,1945-04-01,1944-12-01,15,3.2508,muy_fuerte,extremo
M32,1948-12-01,1950-07-01,1949-12-01,20,3.0929,muy_fuerte,fuerte
M32,1952-09-01,1953-12-01,1953-08-01,16,1.6620,fuerte,fuerte
M32,1955-10-01,1957-05-01,1956-11-01,20,2.8400,muy_fuerte,fuerte
M32,1960-04-01,1961-06-01,1960-12-01,15,2.9466,muy_fuerte,fuerte
M32,1965-01-01,1966-07-01,1965-12-01,19,2.9121,muy_fuerte,fuerte
M32,1969-04-01,1970-07-01,1969-12-01,16,3.0575,muy_fuerte,fuerte
M32,1974-05-01,1976-03-01,1975-10-01,23,3.0393,muy_fuerte,fuerte
M32,1979-10-01,1981-03-01,1980-12-01,18,3.1478,muy_fuerte,extremo
M32,1984-09-01,1986-05-01,1985-11-01,21,3.1471,muy_fuerte,extremo
M32,1990-04-01,1991-05-01,1990-12-01,14,3.4252,muy_fuerte,extremo
M32,1994-07-01,1997-05-01,1996-12-01,35,3.1652,muy_fuerte,extremo
M32,2000-08-01,2002-01-01,2001-02-01,18,1.6481,fuerte,fuerte
M32,2003-06-01,2005-05-01,2004-12-01,24,3.4213,muy_fuerte,extremo
M32,2009-06-01,2010-11-01,2010-01-01,18,2.9675,muy_fuerte,fuerte
M32,2014-03-01,2014-11-01,2014-11-01,9,3.2335,muy_fuerte,extremo
M33,1900-02-01,1901-09-01,1900-09-01,20,1.6267,fuerte,fuerte
M33,1908-04-01,1909-07-01,1908-10-01,16,2.5069,muy_fuerte,extremo
M33,1916-07-01,1918-05-01,1917-10-01,23,2.8806,muy_fuerte,extremo
M33,1922-06-01,1923-01-01,1922-10-01,8,1.6078,fuerte,fuerte
M33,1923-05-01,1924-11-01,1924-07-01,19,1.1043,moderado,moderado
M33,1934-08-01,1935-03-01,1935-01-01,8,0.6967,debil,moderado
M33,1936-07-01,1937-08-01,1936-11-01,14,1.3386,moderado,fuerte
M33,1942-06-01,1942-12-01,1942-09-01,7,1.3579,moderado,fuerte
M33,1943-06-01,1945-01-01,1943-12-01,20,2.2412,muy_fuerte,fuerte
M33,1948-06-01,1949-08-01,1948-08-01,15,1.0544,moderado,moderado
M33,1955-06-01,1956-02-01,1955-09-01,9,1.7096,fuerte,fuerte
M33,1956-04-01,1957-10-01,1957-08-01,19,1.4421,moderado,fuerte
M33,1961-07-01,1963-04-01,1962-11-01,22,3.9839,muy_fuerte,extremo
M33,1966-11-01,1968-07-01,1967-11-01,21,3.5128,muy_fuerte,extremo
M33,1973-07-01,1973-12-01,1973-09-01,6,0.9431,debil,moderado
M33,1974-03-01,1975-07-01,1974-12-01,17,2.5525,muy_fuerte,extremo
M33,1977-08-01,1978-08-01,1977-09-01,13,1.0212,moderado,moderado
M33,1982-05-01,1985-01-01,1984-08-01,33,2.5750,muy_fuerte,extremo
M33,1987-07-01,1987-12-01,1987-09-01,6,1.1201,moderado,moderado
M33,1992-06-01,1994-05-01,1993-11-01,24,3.3436,muy_fuerte,extremo
M33,1998-06-01,1999-09-01,1998-11-01,16,1.9715,muy_fuerte,fuerte
M33,2003-04-01,2004-08-01,2003-11-01,17,3.3421,muy_fuerte,extremo
M33,2007-07-01,2009-04-01,2008-11-01,22,4.0224,muy_fuerte,extremo
M33,2012-05-01,2014-03-01,2013-10-01,23,3.6044,muy_fuerte,extremo
M34,1901-01-01,1901-09-01,1901-07-01,9,1.1461,moderado,fuerte
M34,1907-09-01,1908-04-01,1907-11-01,8,0.7499,debil,moderado
M34,1908-09-01,1909-02-01,1908-12-01,6,1.0196,moderado,fuerte
M34,1910-12-01,1912-02-01,1911-12-01,15,1.2257,moderado,fuerte
M34,1913-03-01,1913-09-01,1913-06-01,7,0.9796,moderado,fuerte
M34,1921-02-01,1921-07-01,1921-05-01,6,0.8122,debil,moderado
M34,1923-08-01,1924-02-01,1924-01-01,7,0.8815,debil,moderado
M34,1926-05-01,1927-09-01,1926-07-01,17,1.6048,fuerte,fuerte
M34,1933-07-01,1934-05-01,1933-11-01,11,1.5369,fuerte,fuerte
M34,1935-09-01,1936-11-01,1936-06-01,15,2.0604,muy_fuerte,extremo
M34,1942-03-01,1942-08-01,1942-06-01,6,1.0059,moderado,fuerte
M34,1951-06-01,1952-06-01,1951-09-01,13,1.3044,moderado,fuerte
M34,1963-09-01,1964-02-01,1964-01-01,6,0.9021,debil,moderado
M34,1964-05-01,1965-07-01,1965-02-01,15,1.2703,moderado,fuerte
M34,1965-12-01,1966-05-01,1966-03-01,6,1.0146,moderado,fuerte
M34,1969-08-01,1970-01-01,1969-10-01,6,0.8407,debil,moderado
M34,1970-04-01,1970-12-01,1970-05-01,9,0.9070,debil,moderado
M34,1979-12-01,1980-05-01,1980-01-01,6,0.9091,debil,moderado
M34,1985-06-01,1986-09-01,1986-01-01,16,1.9873,muy_fuerte,extremo
M34,1986-12-01,1987-06-01,1987-05-01,7,0.9835,moderado,fuerte
M34,1993-05-01,1995-06-01,1994-02-01,26,1.8129,fuerte,fuerte
M34,2000-10-01,2002-07-01,2001-05-01,22,1.9296,fuerte,extremo
M34,2009-01-01,2009-10-01,2009-04-01,10,1.2081,moderado,fuerte
M34,2011-12-01,2014-01-01,2013-02-01,26,1.1220,moderado,fuerte
M35,1904-03-01,1905-07-01,1904-12-01,17,1.9036,fuerte,extremo
M35,1910-08-01,1911-01-01,1910-11-01,6,0.9784,moderado,fuerte
M35,1913-05-01,1914-06-01,1913-11-01,14,1.5458,fuerte,fuerte
M35,1919-07-01,1921-03-01,1920-12-01,21,1.0107,moderado,fuerte
M35,1928-04-01,1928-11-01,1928-06-01,8,0.9412,debil,fuerte
M35,1933-07-01,1933-12-01,1933-09-01,6,0.8624,debil,moderado
M35,1934-05-01,1935-04-01,1934-07-01,12,1.4215,moderado,fuerte
M35,1940-04-01,1941-01-01,1940-11-01,10,1.0151,moderado,fuerte
M35,1941-07-01,1943-06-01,1942-12-01,24,2.2427,muy_fuerte,extremo
M35,1945-08-01,1946-02-01,1945-09-01,7,0.8142,debil,moderado
M35,1950-07-01,1951-07-01,1951-01-01,13,1.3905,moderado,fuerte
M35,1951-09-01,1952-05-01,1952-01-01,9,1.3791,moderado,fuerte
M35,1959-06-01,1961-07-01,1960-12-01,26,2.8686,muy_fuerte,extremo
M35,1967-09-01,1968-03-01,1967-11-01,7,1.3135,moderado,fuerte
M35,1972-10-01,1974-02-01,1973-11-01,17,1.1048,moderado,fuerte
M35,1979-09-01,1980-11-01,1980-02-01,15,1.2084,moderado,fuerte
M35,1984-05-01,1984-09-01,1984-07-01,5,0.6206,debil,moderado
M35,1985-03-01,1986-05-01,1985-08-01,15,1.3865,moderado,fuerte
M35,1990-03-01,1990-07-01,1990-05-01,5,0.7322,debil,moderado
M35,1990-10-01,1991-11-01,1991-07-01,14,1.2937,moderado,fuerte
M35,1992-07-01,1993-11-01,1992-11-01,17,1.8038,fuerte,extremo
M35,1996-06-01,1997-06-01,1996-12-01,13,1.5236,fuerte,fuerte
M35,2002-10-01,2004-01-01,2003-04-01,16,1.3135,moderado,fuerte
M35,2007-10-01,2009-01-01,2008-02-01,16,1.3641,moderado,fuerte
M35,2011-07-01,2012-05-01,2011-12-01,11,1.3465,moderado,fuerte
M36,1901-09-01,1902-02-01,1901-12-01,6,0.8484,debil,moderado
M36,1904-05-01,1905-05-01,1905-01-01,13,1.9901,muy_fuerte,fuerte
M36,1907-11-01,1909-06-01,1909-03-01,20,1.4778,fuerte,fuerte
M36,1922-05-01,1923-05-01,1922-11-01,13,2.7613,muy_fuerte,extremo
M36,1926-07-01,1927-02-01,1927-01-01,8,1.1328,moderado,fuerte
M36,1929-04-01,1930-04-01,1930-03-01,13,0.8129,debil,moderado
M36,1935-05-01,1936-06-01,1936-03-01,14,2.3561,muy_fuerte,extremo
M36,1938-01-01,1938-05-01,1938-04-01,5,0.7212,debil,moderado
M36,1940-07-01,1941-04-01,1941-01-01,10,1.4872,fuerte,fuerte
M36,1943-07-01,1944-06-01,1944-02-01,12,1.4536,fuerte,fuerte
M36,1945-07-01,1946-02-01,1945-12-01,8,1.0064,moderado,moderado
M36,1947-09-01,1948-05-01,1948-01-01,9,1.3014,moderado,fuerte
M36,1951-06-01,1952-03-01,1952-01-01,10,1.2408,moderado,fuerte
M36,1954-05-01,1955-07-01,1955-03-01,15,2.4748,muy_fuerte,extremo
M36,1957-08-01,1958-07-01,1958-04-01,12,1.8634,fuerte,fuerte
M36,1962-01-01,1963-01-01,1962-05-01,13,1.1123,moderado,fuerte
M36,1963-06-01,1964-04-01,1964-02-01,11,1.4708,fuerte,fuerte
M36,1967-11-01,1968-03-01,1968-01-01,5,1.0614,moderado,moderado
M36,1970-05-01,1971-04-01,1970-12-01,12,2.1311,muy_fuerte,extremo
M36,1974-04-01,1975-04-01,1974-11-01,13,2.1996,muy_fuerte,extremo
M36,1978-05-01,1979-04-01,1979-01-01,12,1.7770,fuerte,fuerte
M36,1980-11-01,1981-05-01,1981-04-01,7,0.9548,moderado,moderado
M36,1982-10-01,1983-02-01,1983-01-01,5,0.7687,debil,moderado
M36,1984-07-01,1986-05-01,1986-01-01,23,1.8970,fuerte,fuerte
M36,1987-05-01,1988-04-01,1988-01-01,12,1.5933,fuerte,fuerte
M36,1990-06-01,1991-06-01,1991-03-01,13,2.2302,muy_fuerte,extremo
M36,1994-08-01,1995-04-01,1995-01-01,9,1.6720,fuerte,fuerte
M36,1997-07-01,1998-07-01,1998-03-01,13,1.9144,fuerte,fuerte
M36,2000-05-01,2001-06-01,2001-01-01,14,2.4864,muy_fuerte,extremo
M36,2004-08-01,2006-01-01,2005-05-01,18,2.2264,muy_fuerte,extremo
M36,2007-10-01,2009-03-01,2008-01-01,18,1.2145,moderado,fuerte
M36,2012-05-01,2013-05-01,2012-12-01,13,1.5860,fuerte,fuerte
M37,1901-08-01,1902-06-01,1902-05-01,11,1.0038,moderado,moderado
M37,1903-05-01,1904-07-01,1903-12-01,15,2.6896,muy_fuerte,fuerte
M37,1905-10-01,1906-06-01,1906-01-01,9,1.0723,moderado,moderado
M37,1908-04-01,1910-01-01,1909-03-01,22,2.5535,muy_fuerte,fuerte
M37,1912-03-01,1913-05-01,1913-03-01,15,3.2362,muy_fuerte,extremo
M37,1915-05-01,1916-06-01,1915-12-01,14,2.6210,muy_fuerte,fuerte
M37,1918-06-01,1920-04-01,1919-10-01,23,2.8480,muy_fuerte,fuerte
M37,1922-11-01,1924-04-01,1924-02-01,18,1.5261,fuerte,moderado
M37,1926-07-01,1927-11-01,1927-05-01,17,1.8243,fuerte,fuerte
M37,1929-02-01,1929-12-01,1929-08-01,11,0.9411,debil,moderado
M37,1931-05-01,1932-05-01,1931-12-01,13,2.2437,muy_fuerte,fuerte
M37,1934-08-01,1936-03-01,1935-10-01,20,2.8996,muy_fuerte,fuerte
M37,1938-02-01,1938-08-01,1938-07-01,7,0.8903,debil,moderado
M37,1939-06-01,1941-05-01,1940-11-01,24,3.4588,muy_fuerte,extremo
M37,1943-04-01,1944-02-01,1943-09-01,11,1.5083,fuerte,moderado
M37,1945-04-01,1945-09-01,1945-06-01,6,0.9808,moderado,moderado
M37,1946-05-01,1946-11-01,1946-08-01,7,0.7847,debil,moderado
M37,1947-03-01,1947-09-01,1947-07-01,7,0.7994,debil,moderado
M37,1947-12-01,1948-06-01,1948-04-01,7,1.3291,moderado,moderado
M37,1949-06-01,1951-04-01,1950-06-01,23,1.2230,moderado,moderado
M37,1954-03-01,1955-09-01,1955-03-01,19,3.2489,muy_fuerte,extremo
M37,1957-10-01,1959-06-01,1958-06-01,21,2.0349,muy_fuerte,fuerte
M37,1961-08-01,1962-02-01,1961-11-01,7,1.6556,fuerte,fuerte
M37,1964-08-01,1966-07-01,1965-11-01,24,3.5293,muy_fuerte,extremo
M37,1969-08-01,1971-03-01,1970-12-01,20,2.8133,muy_fuerte,fuerte
M37,1973-09-01,1974-05-01,1974-03-01,9,1.5462,fuerte,fuerte
M37,1976-08-01,1977-05-01,1976-11-01,10,1.6138,fuerte,fuerte
M37,1979-05-01,1979-12-01,1979-10-01,8,1.2205,moderado,moderado
M37,1981-07-01,1983-03-01,1982-11-01,21,2.1426,muy_fuerte,fuerte
M37,1985-09-01,1986-02-01,1985-12-01,6,1.0645,moderado,moderado
M37,1988-10-01,1989-11-01,1989-02-01,14,0.8367,debil,moderado
M37,1990-06-01,1992-03-01,1990-11-01,22,1.8045,fuerte,fuerte
M37,1994-08-01,1995-04-01,1995-01-01,9,1.1454,moderado,moderado
M37,1996-11-01,1997-03-01,1996-12-01,5,0.9110,debil,moderado
M37,1997-08-01,1998-04-01,1997-11-01,9,1.0877,moderado,moderado
M37,1999-08-01,2001-04-01,2000-11-01,21,3.3352,muy_fuerte,extremo
M37,2003-06-01,2004-10-01,2003-10-01,17,1.1165,moderado,moderado
M37,2006-10-01,2008-12-01,2007-08-01,27,1.8521,fuerte,fuerte
M37,2010-08-01,2011-08-01,2010-11-01,13,1.2612,moderado,moderado
M37,2012-12-01,2014-06-01,2014-01-01,19,2.7468,muy_fuerte,fuerte
M38,1900-02-01,1900-08-01,1900-02-01,7,1.8165,fuerte,fuerte
M38,1902-08-01,1904-03-01,1903-10-01,20,3.5689,muy_fuerte,extremo
M38,1910-07-01,1915-01-01,1911-10-01,55,2.3633,muy_fuerte,fuerte
M38,1916-08-01,1920-07-01,1919-12-01,48,3.4848,muy_fuerte,extremo
M38,1926-02-01,1927-05-01,1927-01-01,16,1.0884,moderado,moderado
M38,1928-08-01,1929-11-01,1928-12-01,16,1.4796,fuerte,moderado
M38,1930-07-01,1931-07-01,1930-12-01,13,2.8897,muy_fuerte,fuerte
M38,1933-06-01,1935-02-01,1934-02-01,21,2.9392,muy_fuerte,fuerte
M38,1936-09-01,1938-04-01,1937-11-01,20,2.0230,muy_fuerte,fuerte
M38,1939-04-01,1940-11-01,1940-02-01,20,2.8592,muy_fuerte,fuerte
M38,1941-07-01,1943-02-01,1942-01-01,20,1.3843,moderado,moderado
M38,1945-03-01,1946-04-01,1945-12-01,14,2.1866,muy_fuerte,fuerte
M38,1947-07-01,1948-07-01,1947-12-01,13,2.8602,muy_fuerte,fuerte
M38,1949-07-01,1952-03-01,1950-12-01,33,2.6321,muy_fuerte,fuerte
M38,1953-05-01,1954-06-01,1953-12-01,14,2.3952,muy_fuerte,fuerte
M38,1955-09-01,1956-01-01,1955-12-01,5,0.8674,debil,moderado
M38,1957-11-01,1963-01-01,1961-12-01,63,4.3580,muy_fuerte,extremo
M38,1971-10-01,1973-03-01,1972-12-01,18,1.6106,fuerte,fuerte
M38,1974-03-01,1975-12-01,1974-12-01,22,3.3923,muy_fuerte,extremo
M38,1977-06-01,1980-02-01,1978-12-01,33,3.2791,muy_fuerte,extremo
M38,1988-09-01,1991-04-01,1990-12-01,32,3.1492,muy_fuerte,extremo
M38,1993-05-01,1995-03-01,1994-10-01,23,2.7931,muy_fuerte,fuerte
M38,1996-04-01,1997-04-01,1996-11-01,13,3.3805,muy_fuerte,extremo
M38,2001-08-01,2002-01-01,2001-10-01,6,1.1146,moderado,moderado
M38,2003-02-01,2005-06-01,2004-12-01,29,4.1347,muy_fuerte,extremo
M38,2012-06-01,2014-11-01,2014-11-01,30,3.0100,muy_fuerte,fuerte
M39,1900-07-01,1901-04-01,1900-11-01,10,1.2633,moderado,moderado
M39,1903-05-01,1904-07-01,1903-12-01,15,3.3088,muy_fuerte,extremo
M39,1906-10-01,1907-03-01,1906-12-01,6,0.9855,moderado,moderado
M39,1910-02-01,1911-04-01,1910-12-01,15,2.7938,muy_fuerte,extremo
M39,1913-08-01,1914-11-01,1913-12-01,16,1.7687,fuerte,fuerte
M39,1915-07-01,1917-04-01,1916-12-01,22,3.4326,muy_fuerte,extremo
M39,1919-07-01,1920-04-01,1919-12-01,10,2.5686,muy_fuerte,extremo
M39,1922-07-01,1924-05-01,1923-11-01,23,3.8813,muy_fuerte,extremo
M39,1927-06-01,1928-04-01,1927-12-01,11,2.8306,muy_fuerte,extremo
M39,1930-06-01,1931-04-01,1930-12-01,11,3.3664,muy_fuerte,extremo
M39,1933-06-01,1934-05-01,1933-12-01,12,3.4635,muy_fuerte,extremo
M39,1936-02-01,1937-04-01,1936-12-01,15,1.9028,fuerte,fuerte
M39,1939-08-01,1940-03-01,1939-11-01,8,1.1774,moderado,moderado
M39,1942-07-01,1943-05-01,1943-01-01,11,2.0411,muy_fuerte,fuerte
M39,1943-10-01,1944-04-01,1943-12-01,7,0.9990,moderado,moderado
M39,1946-09-01,1948-05-01,1947-12-01,21,2.9624,muy_fuerte,extremo
M39,1951-03-01,1952-07-01,1951-11-01,17,4.0602,muy_fuerte,extremo
M39,1954-08-01,1957-01-01,1954-12-01,30,1.8175,fuerte,fuerte
M39,1958-10-01,1959-06-01,1959-02-01,9,0.6969,debil,moderado
M39,1961-09-01,1962-02-01,1961-12-01,6,0.9554,moderado,moderado
M39,1963-10-01,1965-04-01,1964-11-01,19,2.1336,muy_fuerte,fuerte
M39,1967-07-01,1968-04-01,1967-12-01,10,1.9960,muy_fuerte,fuerte
M39,1970-02-01,1971-04-01,1970-12-01,15,3.8599,muy_fuerte,extremo
M39,1973-07-01,1974-03-01,1973-12-01,9,2.2668,muy_fuerte,fuerte
M39,1975-04-01,1976-04-01,1975-11-01,13,3.6115,muy_fuerte,extremo
M39,1979-07-01,1980-05-01,1980-01-01,11,2.5872,muy_fuerte,extremo
M39,1982-10-01,1984-04-01,1983-12-01,19,3.6344,muy_fuerte,extremo
M39,1987-07-01,1988-09-01,1987-11-01,15,0.9986,moderado,moderado
M39,1990-07-01,1991-03-01,1990-11-01,9,1.9416,fuerte,fuerte
M39,1993-07-01,1994-04-01,1993-12-01,10,1.2598,moderado,moderado
M39,1996-07-01,1997-06-01,1996-11-01,12,1.7757,fuerte,fuerte
M39,2003-07-01,2004-08-01,2004-02-01,14,1.9367,fuerte,fuerte
M39,2009-08-01,2010-02-01,2009-11-01,7,1.1359,moderado,moderado
M39,2010-06-01,2011-09-01,2010-12-01,16,2.1381,muy_fuerte,fuerte
M40,1902-06-01,1903-04-01,1902-10-01,11,1.6959,fuerte,fuerte
M40,1906-06-01,1907-12-01,1907-01-01,19,1.3030,moderado,fuerte
M40,1908-02-01,1908-08-01,1908-05-01,7,0.9616,moderado,moderado
M40,1912-04-01,1912-10-01,1912-08-01,7,1.0863,moderado,fuerte
M40,1913-07-01,1914-04-01,1913-09-01,10,1.4021,moderado,fuerte
M40,1918-02-01,1919-04-01,1918-12-01,15,2.3203,muy_fuerte,extremo
M40,1922-12-01,1925-04-01,1924-03-01,29,2.0254,muy_fuerte,fuerte
M40,1928-12-01,1930-05-01,1930-01-01,18,3.0433,muy_fuerte,extremo
M40,1932-05-01,1933-01-01,1932-09-01,9,1.0278,moderado,moderado
M40,1935-04-01,1936-04-01,1935-12-01,13,2.8389,muy_fuerte,extremo
M40,1939-06-01,1940-02-01,1939-09-01,9,1.3756,moderado,fuerte
M40,1941-07-01,1942-04-01,1942-01-01,10,1.7120,fuerte,fuerte
M40,1943-07-01,1944-03-01,1943-12-01,9,1.8099,fuerte,fuerte
M40,1946-04-01,1947-04-01,1947-01-01,13,1.5426,fuerte,fuerte
M40,1947-11-01,1948-04-01,1948-01-01,6,1.2999,moderado,fuerte
M40,1953-04-01,1955-03-01,1954-02-01,24,2.6709,muy_fuerte,extremo
M40,1957-04-01,1958-04-01,1957-09-01,13,1.0778,moderado,fuerte
M40,1961-06-01,1963-02-01,1962-02-01,21,1.8543,fuerte,fuerte
M40,1964-12-01,1966-05-01,1965-12-01,18,2.8995,muy_fuerte,extremo
M40,1968-08-01,1969-04-01,1969-02-01,9,0.9405,debil,moderado
M40,1970-05-01,1971-04-01,1970-08-01,12,1.5770,fuerte,fuerte
M40,1975-03-01,1976-04-01,1975-11-01,14,1.7089,fuerte,fuerte
M40,1977-09-01,1978-03-01,1978-02-01,7,1.1758,moderado,fuerte
M40,1981-02-01,1982-04-01,1981-12-01,15,1.9585,muy_fuerte,fuerte
M40,1983-02-01,1984-03-01,1984-01-01,14,1.5224,fuerte,fuerte
M40,1985-09-01,1987-01-01,1986-07-01,17,1.6568,fuerte,fuerte
M40,1989-03-01,1990-05-01,1989-12-01,15,1.7595,fuerte,fuerte
M40,1993-03-01,1994-04-01,1993-12-01,14,1.7232,fuerte,fuerte
M40,1997-07-01,1998-04-01,1997-10-01,10,1.3782,moderado,fuerte
M40,2001-06-01,2002-04-01,2002-02-01,11,1.9920,muy_fuerte,fuerte
M40,2005-10-01,2006-04-01,2006-02-01,7,0.9181,debil,moderado
M40,2009-10-01,2010-06-01,2010-04-01,9,0.9395,debil,moderado
M40,2013-02-01,2014-03-01,2014-02-01,14,0.8698,debil,moderado
OBS,1900-02-01,1900-08-01,1900-02-01,7,1.7021,fuerte,fuerte
OBS,1902-02-01,1903-04-01,1902-10-01,15,2.7831,muy_fuerte,extremo
OBS,1904-06-01,1906-03-01,1905-08-01,22,2.0972,muy_fuerte,extremo
OBS,1911-06-01,1912-05-01,1912-01-01,12,1.9502,muy_fuerte,extremo
OBS,1913-10-01,1915-06-01,1915-01-01,21,1.8039,fuerte,extremo
OBS,1918-05-01,1919-03-01,1918-12-01,11,2.2531,muy_fuerte,extremo
OBS,1919-10-01,1920-04-01,1920-01-01,7,1.5322,fuerte,fuerte
OBS,1921-09-01,1922-01-01,1921-11-01,5,1.2596,moderado,fuerte
OBS,1923-06-01,1924-02-01,1923-11-01,9,1.1741,moderado,fuerte
OBS,1925-08-01,1926-05-01,1925-12-01,10,1.7205,fuerte,fuerte
OBS,1929-11-01,1931-05-01,1930-12-01,19,1.6369,fuerte,fuerte
OBS,1940-01-01,1941-06-01,1941-01-01,18,2.2531,muy_fuerte,extremo
OBS,1941-09-01,1942-02-01,1941-12-01,6,0.8938,debil,moderado
OBS,1951-04-01,1952-01-01,1951-10-01,10,1.0411,moderado,fuerte
OBS,1953-01-01,1954-02-01,1954-01-01,14,0.9964,moderado,fuerte
OBS,1957-03-01,1958-07-01,1958-01-01,17,2.0446,muy_fuerte,extremo
OBS,1963-07-01,1964-02-01,1963-12-01,8,1.2864,moderado,fuerte
OBS,1965-05-01,1966-04-01,1965-10-01,12,2.1208,muy_fuerte,extremo
OBS,1968-10-01,1969-04-01,1969-01-01,7,1.2396,moderado,fuerte
OBS,1969-09-01,1970-01-01,1969-10-01,5,0.8149,debil,moderado
OBS,1972-04-01,1973-03-01,1972-12-01,12,2.3034,muy_fuerte,extremo
OBS,1976-08-01,1977-02-01,1976-11-01,7,1.1542,moderado,fuerte
OBS,1977-08-01,1978-02-01,1977-11-01,7,1.1224,moderado,fuerte
OBS,1982-04-01,1983-06-01,1982-12-01,15,2.5722,muy_fuerte,extremo
OBS,1986-08-01,1988-01-01,1987-08-01,18,1.6674,fuerte,fuerte
OBS,1991-06-01,1992-07-01,1992-01-01,14,2.3247,muy_fuerte,extremo
OBS,1993-01-01,1993-08-01,1993-04-01,8,0.9032,debil,fuerte
OBS,1994-04-01,1995-03-01,1994-12-01,12,1.4634,fuerte,fuerte
OBS,1997-05-01,1998-04-01,1997-10-01,12,2.4730,muy_fuerte,extremo
OBS,2002-06-01,2003-01-01,2002-11-01,8,1.5115,fuerte,fuerte
OBS,2004-07-01,2005-01-01,2004-09-01,7,0.9114,debil,fuerte
OBS,2006-09-01,2007-01-01,2006-11-01,5,0.9742,moderado,fuerte
OBS,2009-09-01,2010-03-01,2009-12-01,7,1.5997,fuerte,fuerte
