number,sigma,r,rmse_centrado,sigma_norm
OBS,1.0837,1.0000,0.0000,1.0000
M01,0.7761,-0.2095,1.4574,0.7162
M02,0.9048,0.0009,1.4094,0.8350
M03,0.8474,-0.2233,1.5156,0.7820
M04,0.7566,-0.0453,1.3478,0.6981
M05,0.7004,0.1013,1.2278,0.6463
M06,0.9590,0.1118,1.3627,0.8849
M07,1.1234,0.1338,1.4510,1.0366
M08,0.9463,-0.2191,1.5853,0.8733
M09,0.7341,0.0649,1.2673,0.6774
M10,0.8255,-0.0044,1.3635,0.7618
M11,0.7809,-0.0126,1.3421,0.7206
M12,0.5977,-0.2359,1.3538,0.5515
M13,0.5904,-0.2138,1.3387,0.5448
M14,0.7438,-0.0227,1.3266,0.6864
M15,0.6229,-0.1272,1.3153,0.5748
M16,0.6930,-0.2588,1.4277,0.6395
M17,0.7189,0.0688,1.2571,0.6634
M18,0.8299,-0.0075,1.3682,0.7658
M19,0.9364,-0.0756,1.4830,0.8641
M20,1.1957,-0.1024,1.6918,1.1033
M21,0.7749,-0.0320,1.3506,0.7151
M22,0.8047,-0.0939,1.4074,0.7425
M23,1.0675,0.1033,1.4387,0.9851
M24,0.7082,0.1839,1.1791,0.6535
M25,0.7412,-0.1785,1.4162,0.6839
M26,0.9386,0.0824,1.3722,0.8661
M27,0.5051,-0.0969,1.2376,0.4661
M28,0.5131,-0.0535,1.2221,0.4735
M29,1.0794,-0.0137,1.5380,0.9960
M30,0.5903,-0.1632,1.3143,0.5447
M31,0.4919,0.0609,1.1611,0.4539
M32,1.2861,-0.2274,1.8584,1.1868
M33,0.9873,0.0731,1.4099,0.9111
M34,0.5505,-0.0619,1.2440,0.5080
M35,0.6610,0.0781,1.2230,0.6099
M36,0.7925,-0.0052,1.3442,0.7313
M37,0.7892,-0.0859,1.3926,0.7283
M38,1.2522,-0.1864,1.8001,1.1555
M39,0.8373,0.0951,1.3033,0.7726
M40,0.5573,-0.0271,1.2305,0.5143
