step,seconds
00,0.0
00,1.0
00b,5470.0
01,467.0
00,1.0
00b,0.0
01,0.0
00,0.0
00,0.0
00,0.0
00b,5528.0
01,2702.0
00,1.0
00b,5917.0
01,2538.0
00,1.0
00b,5989.0
01,835.0
00,1.0
00b,1.0
01,0.0
02,0.0
03,1.0
04,0.0
05,2.0
06,0.0
07,2.0
00,0.0
00b,1.0
01,1.0
02,0.0
03,0.0
04,1.0
05,0.0
06,0.0
07,1.0
00,0.0
00b,1.0
01,0.0
02,0.0
03,0.0
04,1.0
05,0.0
06,1.0
07,0.0
00,1.0
00b,0.0
01,0.0
02,0.0
03,0.0
04,0.0
05,0.0
06,0.0
07,1.0
00,0.0
00b,1.0
01,0.0
02,0.0
03,0.0
00,0.0
00b,1.0
01,0.0
02,0.0
03,0.0
00,0.0
00b,1.0
01,0.0
02,0.0
03,0.0
00,1.0
00b,1.0
01,0.0
02,0.0
03,0.0
04,1.0
05,0.0
06,0.0
00,0.0
00b,1.0
01,0.0
02,46391.0
03,0.0
04,2447.0
05,29.0
06,61.0
07,4.0
00,0.0
00b,2.0
01,0.0
02,469.0
03,0.0
04,1.0
05,2.0
06,0.0
07,3.0
00,0.0
00b,2.0
01,865.0
02,800.0
03,1.0
04,45.0
05,23.0
06,1.0
07,4.0
00,0.0
00b,1.0
01,0.0
00,1.0
00b,1.0
01,0.0
02,0.0
03,0.0
02,19201.0
03,0.0
04,245.0
05,21.0
06,0.0
07,3.0
00,0.0
00b,2.0
01,0.0
02,11.0
03,0.0
04,50.0
05,10.0
06,0.0
07,4.0
00,1.0
00b,1.0
01,0.0
02,1.0
03,0.0
04,49.0
05,8.0
06,1.0
07,3.0
00,0.0
00b,1.0
01,0.0
02,0.0
03,0.0
04,53.0
05,4.0
06,0.0
07,3.0
00,1.0
00b,1.0
01,0.0
02,1.0
03,0.0
04,46.0
05,5.0
06,0.0
07,3.0
07,7.0
07,3.0
07,3.0
07,3.0
03,4.0
04,2938.0
05,96.0
06,116.0
07,5.0
07,3.0
03,0.0
04,61.0
05,11.0
06,89.0
07,4.0
